Using cpu device
---------------------------------
| rollout/           |          |
|    ep_len_mean     | 180      |
|    ep_rew_mean     | -18.1    |
| time/              |          |
|    fps             | 2354     |
|    iterations      | 1        |
|    time_elapsed    | 0        |
|    total_timesteps | 1024     |
---------------------------------
-----------------------------------------
| rollout/                |             |
|    ep_len_mean          | 180         |
|    ep_rew_mean          | -16.5       |
| time/                   |             |
|    fps                  | 2080        |
|    iterations           | 2           |
|    time_elapsed         | 0           |
|    total_timesteps      | 2048        |
| train/                  |             |
|    approx_kl            | 0.008413723 |
|    clip_fraction        | 0.0671      |
|    clip_range           | 0.2         |
|    entropy_loss         | -5.67       |
|    explained_variance   | 0.0219      |
|    learning_rate        | 0.0003      |
|    loss                 | 0.585       |
|    n_updates            | 10          |
|    policy_gradient_loss | -0.0106     |
|    std                  | 0.999       |
|    value_loss           | 2.67        |
-----------------------------------------
------------------------------------------
| rollout/                |              |
|    ep_len_mean          | 180          |
|    ep_rew_mean          | -16.1        |
| time/                   |              |
|    fps                  | 2032         |
|    iterations           | 3            |
|    time_elapsed         | 1            |
|    total_timesteps      | 3072         |
| train/                  |              |
|    approx_kl            | 0.0067608925 |
|    clip_fraction        | 0.055        |
|    clip_range           | 0.2          |
|    entropy_loss         | -5.67        |
|    explained_variance   | 0.117        |
|    learning_rate        | 0.0003       |
|    loss                 | 0.316        |
|    n_updates            | 20           |
|    policy_gradient_loss | -0.00926     |
|    std                  | 1            |
|    value_loss           | 1.08         |
------------------------------------------
-----------------------------------------
| rollout/                |             |
|    ep_len_mean          | 180         |
|    ep_rew_mean          | -14.9       |
| time/                   |             |
|    fps                  | 2012        |
|    iterations           | 4           |
|    time_elapsed         | 2           |
|    total_timesteps      | 4096        |
| train/                  |             |
|    approx_kl            | 0.008163797 |
|    clip_fraction        | 0.0249      |
|    clip_range           | 0.2         |
|    entropy_loss         | -5.68       |
|    explained_variance   | 0.286       |
|    learning_rate        | 0.0003      |
|    loss                 | 0.334       |
|    n_updates            | 30          |
|    policy_gradient_loss | -0.00604    |
|    std                  | 1           |
|    value_loss           | 1.23        |
-----------------------------------------
-----------------------------------------
| rollout/                |             |
|    ep_len_mean          | 180         |
|    ep_rew_mean          | -14.3       |
| time/                   |             |
|    fps                  | 1991        |
|    iterations           | 5           |
|    time_elapsed         | 2           |
|    total_timesteps      | 5120        |
| train/                  |             |
|    approx_kl            | 0.007662572 |
|    clip_fraction        | 0.0426      |
|    clip_range           | 0.2         |
|    entropy_loss         | -5.67       |
|    explained_variance   | 0.418       |
|    learning_rate        | 0.0003      |
|    loss                 | 0.109       |
|    n_updates            | 40          |
|    policy_gradient_loss | -0.00812    |
|    std                  | 0.996       |
|    value_loss           | 0.389       |
-----------------------------------------
------------------------------------------
| rollout/                |              |
|    ep_len_mean          | 180          |
|    ep_rew_mean          | -13.9        |
| time/                   |              |
|    fps                  | 1985         |
|    iterations           | 6            |
|    time_elapsed         | 3            |
|    total_timesteps      | 6144         |
| train/                  |              |
|    approx_kl            | 0.0074170963 |
|    clip_fraction        | 0.0666       |
|    clip_range           | 0.2          |
|    entropy_loss         | -5.65        |
|    explained_variance   | 0.708        |
|    learning_rate        | 0.0003       |
|    loss                 | 0.103        |
|    n_updates            | 50           |
|    policy_gradient_loss | -0.0108      |
|    std                  | 0.995        |
|    value_loss           | 0.311        |
------------------------------------------
------------------------------------------
| rollout/                |              |
|    ep_len_mean          | 180          |
|    ep_rew_mean          | -13.4        |
| time/                   |              |
|    fps                  | 1982         |
|    iterations           | 7            |
|    time_elapsed         | 3            |
|    total_timesteps      | 7168         |
| train/                  |              |
|    approx_kl            | 0.0076409234 |
|    clip_fraction        | 0.0708       |
|    clip_range           | 0.2          |
|    entropy_loss         | -5.64        |
|    explained_variance   | 0.804        |
|    learning_rate        | 0.0003       |
|    loss                 | 0.129        |
|    n_updates            | 60           |
|    policy_gradient_loss | -0.0116      |
|    std                  | 0.987        |
|    value_loss           | 0.333        |
------------------------------------------
-----------------------------------------
| rollout/                |             |
|    ep_len_mean          | 180         |
|    ep_rew_mean          | -13.3       |
| time/                   |             |
|    fps                  | 1990        |
|    iterations           | 8           |
|    time_elapsed         | 4           |
|    total_timesteps      | 8192        |
| train/                  |             |
|    approx_kl            | 0.005103316 |
|    clip_fraction        | 0.0215      |
|    clip_range           | 0.2         |
|    entropy_loss         | -5.61       |
|    explained_variance   | 0.882       |
|    learning_rate        | 0.0003      |
|    loss                 | 0.125       |
|    n_updates            | 70          |
|    policy_gradient_loss | -0.00502    |
|    std                  | 0.983       |
|    value_loss           | 0.262       |
-----------------------------------------
-----------------------------------------
| rollout/                |             |
|    ep_len_mean          | 180         |
|    ep_rew_mean          | -12.9       |
| time/                   |             |
|    fps                  | 1985        |
|    iterations           | 9           |
|    time_elapsed         | 4           |
|    total_timesteps      | 9216        |
| train/                  |             |
|    approx_kl            | 0.009665703 |
|    clip_fraction        | 0.11        |
|    clip_range           | 0.2         |
|    entropy_loss         | -5.6        |
|    explained_variance   | 0.812       |
|    learning_rate        | 0.0003      |
|    loss                 | 0.278       |
|    n_updates            | 80          |
|    policy_gradient_loss | -0.0144     |
|    std                  | 0.98        |
|    value_loss           | 0.777       |
-----------------------------------------
------------------------------------------
| rollout/                |              |
|    ep_len_mean          | 180          |
|    ep_rew_mean          | -12.8        |
| time/                   |              |
|    fps                  | 1979         |
|    iterations           | 10           |
|    time_elapsed         | 5            |
|    total_timesteps      | 10240        |
| train/                  |              |
|    approx_kl            | 0.0054995012 |
|    clip_fraction        | 0.0403       |
|    clip_range           | 0.2          |
|    entropy_loss         | -5.59        |
|    explained_variance   | 0.969        |
|    learning_rate        | 0.0003       |
|    loss                 | 0.0475       |
|    n_updates            | 90           |
|    policy_gradient_loss | -0.00716     |
|    std                  | 0.978        |
|    value_loss           | 0.123        |
------------------------------------------
------------------------------------------
| rollout/                |              |
|    ep_len_mean          | 180          |
|    ep_rew_mean          | -12.6        |
| time/                   |              |
|    fps                  | 1973         |
|    iterations           | 11           |
|    time_elapsed         | 5            |
|    total_timesteps      | 11264        |
| train/                  |              |
|    approx_kl            | 0.0057162074 |
|    clip_fraction        | 0.021        |
|    clip_range           | 0.2          |
|    entropy_loss         | -5.58        |
|    explained_variance   | 0.956        |
|    learning_rate        | 0.0003       |
|    loss                 | 0.0794       |
|    n_updates            | 100          |
|    policy_gradient_loss | -0.00622     |
|    std                  | 0.975        |
|    value_loss           | 0.178        |
------------------------------------------
------------------------------------------
| rollout/                |              |
|    ep_len_mean          | 180          |
|    ep_rew_mean          | -12.4        |
| time/                   |              |
|    fps                  | 1975         |
|    iterations           | 12           |
|    time_elapsed         | 6            |
|    total_timesteps      | 12288        |
| train/                  |              |
|    approx_kl            | 0.0070850044 |
|    clip_fraction        | 0.06         |
|    clip_range           | 0.2          |
|    entropy_loss         | -5.57        |
|    explained_variance   | 0.96         |
|    learning_rate        | 0.0003       |
|    loss                 | 0.0712       |
|    n_updates            | 110          |
|    policy_gradient_loss | -0.00878     |
|    std                  | 0.973        |
|    value_loss           | 0.17         |
------------------------------------------
------------------------------------------
| rollout/                |              |
|    ep_len_mean          | 180          |
|    ep_rew_mean          | -12.2        |
| time/                   |              |
|    fps                  | 1972         |
|    iterations           | 13           |
|    time_elapsed         | 6            |
|    total_timesteps      | 13312        |
| train/                  |              |
|    approx_kl            | 0.0049166027 |
|    clip_fraction        | 0.066        |
|    clip_range           | 0.2          |
|    entropy_loss         | -5.57        |
|    explained_variance   | 0.953        |
|    learning_rate        | 0.0003       |
|    loss                 | 0.0801       |
|    n_updates            | 120          |
|    policy_gradient_loss | -0.00963     |
|    std                  | 0.973        |
|    value_loss           | 0.186        |
------------------------------------------
-----------------------------------------
| rollout/                |             |
|    ep_len_mean          | 180         |
|    ep_rew_mean          | -12         |
| time/                   |             |
|    fps                  | 1972        |
|    iterations           | 14          |
|    time_elapsed         | 7           |
|    total_timesteps      | 14336       |
| train/                  |             |
|    approx_kl            | 0.008295939 |
|    clip_fraction        | 0.0477      |
|    clip_range           | 0.2         |
|    entropy_loss         | -5.56       |
|    explained_variance   | 0.974       |
|    learning_rate        | 0.0003      |
|    loss                 | 0.0244      |
|    n_updates            | 130         |
|    policy_gradient_loss | -0.00989    |
|    std                  | 0.971       |
|    value_loss           | 0.101       |
-----------------------------------------
-----------------------------------------
| rollout/                |             |
|    ep_len_mean          | 180         |
|    ep_rew_mean          | -11.8       |
| time/                   |             |
|    fps                  | 1970        |
|    iterations           | 15          |
|    time_elapsed         | 7           |
|    total_timesteps      | 15360       |
| train/                  |             |
|    approx_kl            | 0.009670196 |
|    clip_fraction        | 0.0757      |
|    clip_range           | 0.2         |
|    entropy_loss         | -5.55       |
|    explained_variance   | 0.967       |
|    learning_rate        | 0.0003      |
|    loss                 | 0.0449      |
|    n_updates            | 140         |
|    policy_gradient_loss | -0.0116     |
|    std                  | 0.967       |
|    value_loss           | 0.13        |
-----------------------------------------
-----------------------------------------
| rollout/                |             |
|    ep_len_mean          | 180         |
|    ep_rew_mean          | -11.7       |
| time/                   |             |
|    fps                  | 1970        |
|    iterations           | 16          |
|    time_elapsed         | 8           |
|    total_timesteps      | 16384       |
| train/                  |             |
|    approx_kl            | 0.007837144 |
|    clip_fraction        | 0.0605      |
|    clip_range           | 0.2         |
|    entropy_loss         | -5.54       |
|    explained_variance   | 0.986       |
|    learning_rate        | 0.0003      |
|    loss                 | 0.0234      |
|    n_updates            | 150         |
|    policy_gradient_loss | -0.00865    |
|    std                  | 0.966       |
|    value_loss           | 0.059       |
-----------------------------------------
-----------------------------------------
| rollout/                |             |
|    ep_len_mean          | 180         |
|    ep_rew_mean          | -11.6       |
| time/                   |             |
|    fps                  | 1972        |
|    iterations           | 17          |
|    time_elapsed         | 8           |
|    total_timesteps      | 17408       |
| train/                  |             |
|    approx_kl            | 0.012228899 |
|    clip_fraction        | 0.0858      |
|    clip_range           | 0.2         |
|    entropy_loss         | -5.53       |
|    explained_variance   | 0.964       |
|    learning_rate        | 0.0003      |
|    loss                 | 0.0513      |
|    n_updates            | 160         |
|    policy_gradient_loss | -0.0117     |
|    std                  | 0.962       |
|    value_loss           | 0.139       |
-----------------------------------------
---------------------------------------
| rollout/                |           |
|    ep_len_mean          | 180       |
|    ep_rew_mean          | -11.2     |
| time/                   |           |
|    fps                  | 1972      |
|    iterations           | 18        |
|    time_elapsed         | 9         |
|    total_timesteps      | 18432     |
| train/                  |           |
|    approx_kl            | 0.0095142 |
|    clip_fraction        | 0.0699    |
|    clip_range           | 0.2       |
|    entropy_loss         | -5.52     |
|    explained_variance   | 0.97      |
|    learning_rate        | 0.0003    |
|    loss                 | 0.0325    |
|    n_updates            | 170       |
|    policy_gradient_loss | -0.00964  |
|    std                  | 0.961     |
|    value_loss           | 0.114     |
---------------------------------------
-----------------------------------------
| rollout/                |             |
|    ep_len_mean          | 180         |
|    ep_rew_mean          | -10.8       |
| time/                   |             |
|    fps                  | 1971        |
|    iterations           | 19          |
|    time_elapsed         | 9           |
|    total_timesteps      | 19456       |
| train/                  |             |
|    approx_kl            | 0.010774094 |
|    clip_fraction        | 0.122       |
|    clip_range           | 0.2         |
|    entropy_loss         | -5.52       |
|    explained_variance   | 0.957       |
|    learning_rate        | 0.0003      |
|    loss                 | 0.0697      |
|    n_updates            | 180         |
|    policy_gradient_loss | -0.0145     |
|    std                  | 0.962       |
|    value_loss           | 0.181       |
-----------------------------------------
----------------------------------------
| rollout/                |            |
|    ep_len_mean          | 180        |
|    ep_rew_mean          | -10.4      |
| time/                   |            |
|    fps                  | 1971       |
|    iterations           | 20         |
|    time_elapsed         | 10         |
|    total_timesteps      | 20480      |
| train/                  |            |
|    approx_kl            | 0.00667144 |
|    clip_fraction        | 0.0515     |
|    clip_range           | 0.2        |
|    entropy_loss         | -5.52      |
|    explained_variance   | 0.969      |
|    learning_rate        | 0.0003     |
|    loss                 | 0.0468     |
|    n_updates            | 190        |
|    policy_gradient_loss | -0.008     |
|    std                  | 0.962      |
|    value_loss           | 0.118      |
----------------------------------------
------------------------------------------
| rollout/                |              |
|    ep_len_mean          | 180          |
|    ep_rew_mean          | -10.1        |
| time/                   |              |
|    fps                  | 1959         |
|    iterations           | 21           |
|    time_elapsed         | 10           |
|    total_timesteps      | 21504        |
| train/                  |              |
|    approx_kl            | 0.0056705177 |
|    clip_fraction        | 0.0334       |
|    clip_range           | 0.2          |
|    entropy_loss         | -5.52        |
|    explained_variance   | 0.966        |
|    learning_rate        | 0.0003       |
|    loss                 | 0.0353       |
|    n_updates            | 200          |
|    policy_gradient_loss | -0.00695     |
|    std                  | 0.959        |
|    value_loss           | 0.112        |
------------------------------------------
-----------------------------------------
| rollout/                |             |
|    ep_len_mean          | 180         |
|    ep_rew_mean          | -9.82       |
| time/                   |             |
|    fps                  | 1958        |
|    iterations           | 22          |
|    time_elapsed         | 11          |
|    total_timesteps      | 22528       |
| train/                  |             |
|    approx_kl            | 0.009058357 |
|    clip_fraction        | 0.052       |
|    clip_range           | 0.2         |
|    entropy_loss         | -5.5        |
|    explained_variance   | 0.975       |
|    learning_rate        | 0.0003      |
|    loss                 | 0.024       |
|    n_updates            | 210         |
|    policy_gradient_loss | -0.0104     |
|    std                  | 0.956       |
|    value_loss           | 0.0862      |
-----------------------------------------
------------------------------------------
| rollout/                |              |
|    ep_len_mean          | 180          |
|    ep_rew_mean          | -9.6         |
| time/                   |              |
|    fps                  | 1958         |
|    iterations           | 23           |
|    time_elapsed         | 12           |
|    total_timesteps      | 23552        |
| train/                  |              |
|    approx_kl            | 0.0069603184 |
|    clip_fraction        | 0.0958       |
|    clip_range           | 0.2          |
|    entropy_loss         | -5.49        |
|    explained_variance   | 0.963        |
|    learning_rate        | 0.0003       |
|    loss                 | 0.0419       |
|    n_updates            | 220          |
|    policy_gradient_loss | -0.0123      |
|    std                  | 0.955        |
|    value_loss           | 0.108        |
------------------------------------------
-----------------------------------------
| rollout/                |             |
|    ep_len_mean          | 180         |
|    ep_rew_mean          | -9.31       |
| time/                   |             |
|    fps                  | 1956        |
|    iterations           | 24          |
|    time_elapsed         | 12          |
|    total_timesteps      | 24576       |
| train/                  |             |
|    approx_kl            | 0.012923739 |
|    clip_fraction        | 0.0856      |
|    clip_range           | 0.2         |
|    entropy_loss         | -5.48       |
|    explained_variance   | 0.981       |
|    learning_rate        | 0.0003      |
|    loss                 | -0.00653    |
|    n_updates            | 230         |
|    policy_gradient_loss | -0.0129     |
|    std                  | 0.95        |
|    value_loss           | 0.0516      |
-----------------------------------------
-----------------------------------------
| rollout/                |             |
|    ep_len_mean          | 180         |
|    ep_rew_mean          | -9.15       |
| time/                   |             |
|    fps                  | 1956        |
|    iterations           | 25          |
|    time_elapsed         | 13          |
|    total_timesteps      | 25600       |
| train/                  |             |
|    approx_kl            | 0.010347289 |
|    clip_fraction        | 0.108       |
|    clip_range           | 0.2         |
|    entropy_loss         | -5.46       |
|    explained_variance   | 0.947       |
|    learning_rate        | 0.0003      |
|    loss                 | 0.0278      |
|    n_updates            | 240         |
|    policy_gradient_loss | -0.0133     |
|    std                  | 0.947       |
|    value_loss           | 0.103       |
-----------------------------------------
----------------------------------------
| rollout/                |            |
|    ep_len_mean          | 180        |
|    ep_rew_mean          | -8.87      |
| time/                   |            |
|    fps                  | 1956       |
|    iterations           | 26         |
|    time_elapsed         | 13         |
|    total_timesteps      | 26624      |
| train/                  |            |
|    approx_kl            | 0.01871058 |
|    clip_fraction        | 0.18       |
|    clip_range           | 0.2        |
|    entropy_loss         | -5.45      |
|    explained_variance   | 0.966      |
|    learning_rate        | 0.0003     |
|    loss                 | 0.0102     |
|    n_updates            | 250        |
|    policy_gradient_loss | -0.0159    |
|    std                  | 0.944      |
|    value_loss           | 0.0648     |
----------------------------------------
-----------------------------------------
| rollout/                |             |
|    ep_len_mean          | 180         |
|    ep_rew_mean          | -8.67       |
| time/                   |             |
|    fps                  | 1956        |
|    iterations           | 27          |
|    time_elapsed         | 14          |
|    total_timesteps      | 27648       |
| train/                  |             |
|    approx_kl            | 0.010476773 |
|    clip_fraction        | 0.121       |
|    clip_range           | 0.2         |
|    entropy_loss         | -5.44       |
|    explained_variance   | 0.948       |
|    learning_rate        | 0.0003      |
|    loss                 | 0.0351      |
|    n_updates            | 260         |
|    policy_gradient_loss | -0.0129     |
|    std                  | 0.943       |
|    value_loss           | 0.0953      |
-----------------------------------------
-----------------------------------------
| rollout/                |             |
|    ep_len_mean          | 180         |
|    ep_rew_mean          | -8.43       |
| time/                   |             |
|    fps                  | 1955        |
|    iterations           | 28          |
|    time_elapsed         | 14          |
|    total_timesteps      | 28672       |
| train/                  |             |
|    approx_kl            | 0.011281654 |
|    clip_fraction        | 0.13        |
|    clip_range           | 0.2         |
|    entropy_loss         | -5.44       |
|    explained_variance   | 0.979       |
|    learning_rate        | 0.0003      |
|    loss                 | 0.00695     |
|    n_updates            | 270         |
|    policy_gradient_loss | -0.0124     |
|    std                  | 0.943       |
|    value_loss           | 0.0393      |
-----------------------------------------
-----------------------------------------
| rollout/                |             |
|    ep_len_mean          | 180         |
|    ep_rew_mean          | -8.19       |
| time/                   |             |
|    fps                  | 1954        |
|    iterations           | 29          |
|    time_elapsed         | 15          |
|    total_timesteps      | 29696       |
| train/                  |             |
|    approx_kl            | 0.008561134 |
|    clip_fraction        | 0.0722      |
|    clip_range           | 0.2         |
|    entropy_loss         | -5.43       |
|    explained_variance   | 0.984       |
|    learning_rate        | 0.0003      |
|    loss                 | 0.00197     |
|    n_updates            | 280         |
|    policy_gradient_loss | -0.0113     |
|    std                  | 0.938       |
|    value_loss           | 0.031       |
-----------------------------------------
-----------------------------------------
| rollout/                |             |
|    ep_len_mean          | 180         |
|    ep_rew_mean          | -7.93       |
| time/                   |             |
|    fps                  | 1952        |
|    iterations           | 30          |
|    time_elapsed         | 15          |
|    total_timesteps      | 30720       |
| train/                  |             |
|    approx_kl            | 0.008787489 |
|    clip_fraction        | 0.0812      |
|    clip_range           | 0.2         |
|    entropy_loss         | -5.41       |
|    explained_variance   | 0.976       |
|    learning_rate        | 0.0003      |
|    loss                 | 0.0067      |
|    n_updates            | 290         |
|    policy_gradient_loss | -0.00965    |
|    std                  | 0.933       |
|    value_loss           | 0.0417      |
-----------------------------------------
-----------------------------------------
| rollout/                |             |
|    ep_len_mean          | 180         |
|    ep_rew_mean          | -7.73       |
| time/                   |             |
|    fps                  | 1952        |
|    iterations           | 31          |
|    time_elapsed         | 16          |
|    total_timesteps      | 31744       |
| train/                  |             |
|    approx_kl            | 0.006543874 |
|    clip_fraction        | 0.0566      |
|    clip_range           | 0.2         |
|    entropy_loss         | -5.39       |
|    explained_variance   | 0.961       |
|    learning_rate        | 0.0003      |
|    loss                 | 0.0195      |
|    n_updates            | 300         |
|    policy_gradient_loss | -0.0104     |
|    std                  | 0.928       |
|    value_loss           | 0.0619      |
-----------------------------------------
-----------------------------------------
| rollout/                |             |
|    ep_len_mean          | 180         |
|    ep_rew_mean          | -7.54       |
| time/                   |             |
|    fps                  | 1953        |
|    iterations           | 32          |
|    time_elapsed         | 16          |
|    total_timesteps      | 32768       |
| train/                  |             |
|    approx_kl            | 0.009960423 |
|    clip_fraction        | 0.0842      |
|    clip_range           | 0.2         |
|    entropy_loss         | -5.37       |
|    explained_variance   | 0.975       |
|    learning_rate        | 0.0003      |
|    loss                 | -0.01       |
|    n_updates            | 310         |
|    policy_gradient_loss | -0.014      |
|    std                  | 0.924       |
|    value_loss           | 0.0384      |
-----------------------------------------
-----------------------------------------
| rollout/                |             |
|    ep_len_mean          | 180         |
|    ep_rew_mean          | -7.34       |
| time/                   |             |
|    fps                  | 1952        |
|    iterations           | 33          |
|    time_elapsed         | 17          |
|    total_timesteps      | 33792       |
| train/                  |             |
|    approx_kl            | 0.009212087 |
|    clip_fraction        | 0.08        |
|    clip_range           | 0.2         |
|    entropy_loss         | -5.36       |
|    explained_variance   | 0.964       |
|    learning_rate        | 0.0003      |
|    loss                 | 0.0165      |
|    n_updates            | 320         |
|    policy_gradient_loss | -0.00843    |
|    std                  | 0.926       |
|    value_loss           | 0.0496      |
-----------------------------------------
-----------------------------------------
| rollout/                |             |
|    ep_len_mean          | 180         |
|    ep_rew_mean          | -7.21       |
| time/                   |             |
|    fps                  | 1951        |
|    iterations           | 34          |
|    time_elapsed         | 17          |
|    total_timesteps      | 34816       |
| train/                  |             |
|    approx_kl            | 0.009592129 |
|    clip_fraction        | 0.0788      |
|    clip_range           | 0.2         |
|    entropy_loss         | -5.37       |
|    explained_variance   | 0.957       |
|    learning_rate        | 0.0003      |
|    loss                 | 0.017       |
|    n_updates            | 330         |
|    policy_gradient_loss | -0.011      |
|    std                  | 0.927       |
|    value_loss           | 0.0601      |
-----------------------------------------
-----------------------------------------
| rollout/                |             |
|    ep_len_mean          | 180         |
|    ep_rew_mean          | -7.08       |
| time/                   |             |
|    fps                  | 1953        |
|    iterations           | 35          |
|    time_elapsed         | 18          |
|    total_timesteps      | 35840       |
| train/                  |             |
|    approx_kl            | 0.008395106 |
|    clip_fraction        | 0.126       |
|    clip_range           | 0.2         |
|    entropy_loss         | -5.37       |
|    explained_variance   | 0.923       |
|    learning_rate        | 0.0003      |
|    loss                 | 0.056       |
|    n_updates            | 340         |
|    policy_gradient_loss | -0.0115     |
|    std                  | 0.926       |
|    value_loss           | 0.113       |
-----------------------------------------
-----------------------------------------
| rollout/                |             |
|    ep_len_mean          | 180         |
|    ep_rew_mean          | -6.92       |
| time/                   |             |
|    fps                  | 1953        |
|    iterations           | 36          |
|    time_elapsed         | 18          |
|    total_timesteps      | 36864       |
| train/                  |             |
|    approx_kl            | 0.010158999 |
|    clip_fraction        | 0.0718      |
|    clip_range           | 0.2         |
|    entropy_loss         | -5.35       |
|    explained_variance   | 0.959       |
|    learning_rate        | 0.0003      |
|    loss                 | 0.00184     |
|    n_updates            | 350         |
|    policy_gradient_loss | -0.00999    |
|    std                  | 0.919       |
|    value_loss           | 0.0467      |
-----------------------------------------
-----------------------------------------
| rollout/                |             |
|    ep_len_mean          | 180         |
|    ep_rew_mean          | -6.76       |
| time/                   |             |
|    fps                  | 1953        |
|    iterations           | 37          |
|    time_elapsed         | 19          |
|    total_timesteps      | 37888       |
| train/                  |             |
|    approx_kl            | 0.007301234 |
|    clip_fraction        | 0.0445      |
|    clip_range           | 0.2         |
|    entropy_loss         | -5.33       |
|    explained_variance   | 0.963       |
|    learning_rate        | 0.0003      |
|    loss                 | 0.00476     |
|    n_updates            | 360         |
|    policy_gradient_loss | -0.0068     |
|    std                  | 0.919       |
|    value_loss           | 0.0373      |
-----------------------------------------
------------------------------------------
| rollout/                |              |
|    ep_len_mean          | 180          |
|    ep_rew_mean          | -6.67        |
| time/                   |              |
|    fps                  | 1952         |
|    iterations           | 38           |
|    time_elapsed         | 19           |
|    total_timesteps      | 38912        |
| train/                  |              |
|    approx_kl            | 0.0072358423 |
|    clip_fraction        | 0.0567       |
|    clip_range           | 0.2          |
|    entropy_loss         | -5.32        |
|    explained_variance   | 0.961        |
|    learning_rate        | 0.0003       |
|    loss                 | 0.00337      |
|    n_updates            | 370          |
|    policy_gradient_loss | -0.00931     |
|    std                  | 0.914        |
|    value_loss           | 0.0366       |
------------------------------------------
-----------------------------------------
| rollout/                |             |
|    ep_len_mean          | 180         |
|    ep_rew_mean          | -6.62       |
| time/                   |             |
|    fps                  | 1941        |
|    iterations           | 39          |
|    time_elapsed         | 20          |
|    total_timesteps      | 39936       |
| train/                  |             |
|    approx_kl            | 0.010420053 |
|    clip_fraction        | 0.106       |
|    clip_range           | 0.2         |
|    entropy_loss         | -5.31       |
|    explained_variance   | 0.917       |
|    learning_rate        | 0.0003      |
|    loss                 | 0.0263      |
|    n_updates            | 380         |
|    policy_gradient_loss | -0.00958    |
|    std                  | 0.913       |
|    value_loss           | 0.0771      |
-----------------------------------------
----------------------------------------
| rollout/                |            |
|    ep_len_mean          | 180        |
|    ep_rew_mean          | -6.52      |
| time/                   |            |
|    fps                  | 1939       |
|    iterations           | 40         |
|    time_elapsed         | 21         |
|    total_timesteps      | 40960      |
| train/                  |            |
|    approx_kl            | 0.00787681 |
|    clip_fraction        | 0.0845     |
|    clip_range           | 0.2        |
|    entropy_loss         | -5.31      |
|    explained_variance   | 0.934      |
|    learning_rate        | 0.0003     |
|    loss                 | -0.00257   |
|    n_updates            | 390        |
|    policy_gradient_loss | -0.00989   |
|    std                  | 0.913      |
|    value_loss           | 0.0645     |
----------------------------------------
-----------------------------------------
| rollout/                |             |
|    ep_len_mean          | 180         |
|    ep_rew_mean          | -6.43       |
| time/                   |             |
|    fps                  | 1940        |
|    iterations           | 41          |
|    time_elapsed         | 21          |
|    total_timesteps      | 41984       |
| train/                  |             |
|    approx_kl            | 0.009243972 |
|    clip_fraction        | 0.0997      |
|    clip_range           | 0.2         |
|    entropy_loss         | -5.3        |
|    explained_variance   | 0.919       |
|    learning_rate        | 0.0003      |
|    loss                 | 0.0112      |
|    n_updates            | 400         |
|    policy_gradient_loss | -0.0131     |
|    std                  | 0.91        |
|    value_loss           | 0.0843      |
-----------------------------------------
-----------------------------------------
| rollout/                |             |
|    ep_len_mean          | 180         |
|    ep_rew_mean          | -6.34       |
| time/                   |             |
|    fps                  | 1939        |
|    iterations           | 42          |
|    time_elapsed         | 22          |
|    total_timesteps      | 43008       |
| train/                  |             |
|    approx_kl            | 0.011246151 |
|    clip_fraction        | 0.0822      |
|    clip_range           | 0.2         |
|    entropy_loss         | -5.29       |
|    explained_variance   | 0.968       |
|    learning_rate        | 0.0003      |
|    loss                 | -0.00356    |
|    n_updates            | 410         |
|    policy_gradient_loss | -0.0105     |
|    std                  | 0.908       |
|    value_loss           | 0.0312      |
-----------------------------------------
-----------------------------------------
| rollout/                |             |
|    ep_len_mean          | 180         |
|    ep_rew_mean          | -6.27       |
| time/                   |             |
|    fps                  | 1939        |
|    iterations           | 43          |
|    time_elapsed         | 22          |
|    total_timesteps      | 44032       |
| train/                  |             |
|    approx_kl            | 0.009947257 |
|    clip_fraction        | 0.0919      |
|    clip_range           | 0.2         |
|    entropy_loss         | -5.28       |
|    explained_variance   | 0.967       |
|    learning_rate        | 0.0003      |
|    loss                 | 0.00545     |
|    n_updates            | 420         |
|    policy_gradient_loss | -0.0108     |
|    std                  | 0.907       |
|    value_loss           | 0.0276      |
-----------------------------------------
------------------------------------------
| rollout/                |              |
|    ep_len_mean          | 180          |
|    ep_rew_mean          | -6.2         |
| time/                   |              |
|    fps                  | 1940         |
|    iterations           | 44           |
|    time_elapsed         | 23           |
|    total_timesteps      | 45056        |
| train/                  |              |
|    approx_kl            | 0.0060059493 |
|    clip_fraction        | 0.0791       |
|    clip_range           | 0.2          |
|    entropy_loss         | -5.28        |
|    explained_variance   | 0.932        |
|    learning_rate        | 0.0003       |
|    loss                 | 0.0195       |
|    n_updates            | 430          |
|    policy_gradient_loss | -0.0107      |
|    std                  | 0.909        |
|    value_loss           | 0.0645       |
------------------------------------------
-----------------------------------------
| rollout/                |             |
|    ep_len_mean          | 180         |
|    ep_rew_mean          | -6.15       |
| time/                   |             |
|    fps                  | 1940        |
|    iterations           | 45          |
|    time_elapsed         | 23          |
|    total_timesteps      | 46080       |
| train/                  |             |
|    approx_kl            | 0.008406117 |
|    clip_fraction        | 0.0932      |
|    clip_range           | 0.2         |
|    entropy_loss         | -5.28       |
|    explained_variance   | 0.95        |
|    learning_rate        | 0.0003      |
|    loss                 | 0.00337     |
|    n_updates            | 440         |
|    policy_gradient_loss | -0.00971    |
|    std                  | 0.906       |
|    value_loss           | 0.047       |
-----------------------------------------
-----------------------------------------
| rollout/                |             |
|    ep_len_mean          | 180         |
|    ep_rew_mean          | -6.08       |
| time/                   |             |
|    fps                  | 1940        |
|    iterations           | 46          |
|    time_elapsed         | 24          |
|    total_timesteps      | 47104       |
| train/                  |             |
|    approx_kl            | 0.008418025 |
|    clip_fraction        | 0.0974      |
|    clip_range           | 0.2         |
|    entropy_loss         | -5.27       |
|    explained_variance   | 0.937       |
|    learning_rate        | 0.0003      |
|    loss                 | 0.00761     |
|    n_updates            | 450         |
|    policy_gradient_loss | -0.00947    |
|    std                  | 0.904       |
|    value_loss           | 0.0503      |
-----------------------------------------
------------------------------------------
| rollout/                |              |
|    ep_len_mean          | 180          |
|    ep_rew_mean          | -6.06        |
| time/                   |              |
|    fps                  | 1940         |
|    iterations           | 47           |
|    time_elapsed         | 24           |
|    total_timesteps      | 48128        |
| train/                  |              |
|    approx_kl            | 0.0073893974 |
|    clip_fraction        | 0.0851       |
|    clip_range           | 0.2          |
|    entropy_loss         | -5.27        |
|    explained_variance   | 0.948        |
|    learning_rate        | 0.0003       |
|    loss                 | -0.00917     |
|    n_updates            | 460          |
|    policy_gradient_loss | -0.012       |
|    std                  | 0.905        |
|    value_loss           | 0.0377       |
------------------------------------------
-----------------------------------------
| rollout/                |             |
|    ep_len_mean          | 180         |
|    ep_rew_mean          | -6.05       |
| time/                   |             |
|    fps                  | 1941        |
|    iterations           | 48          |
|    time_elapsed         | 25          |
|    total_timesteps      | 49152       |
| train/                  |             |
|    approx_kl            | 0.014364535 |
|    clip_fraction        | 0.13        |
|    clip_range           | 0.2         |
|    entropy_loss         | -5.27       |
|    explained_variance   | 0.941       |
|    learning_rate        | 0.0003      |
|    loss                 | 0.000578    |
|    n_updates            | 470         |
|    policy_gradient_loss | -0.0144     |
|    std                  | 0.905       |
|    value_loss           | 0.0489      |
-----------------------------------------
-----------------------------------------
| rollout/                |             |
|    ep_len_mean          | 180         |
|    ep_rew_mean          | -6.03       |
| time/                   |             |
|    fps                  | 1941        |
|    iterations           | 49          |
|    time_elapsed         | 25          |
|    total_timesteps      | 50176       |
| train/                  |             |
|    approx_kl            | 0.013644289 |
|    clip_fraction        | 0.152       |
|    clip_range           | 0.2         |
|    entropy_loss         | -5.27       |
|    explained_variance   | 0.888       |
|    learning_rate        | 0.0003      |
|    loss                 | 0.0139      |
|    n_updates            | 480         |
|    policy_gradient_loss | -0.014      |
|    std                  | 0.904       |
|    value_loss           | 0.0788      |
-----------------------------------------
------------------------------------------
| rollout/                |              |
|    ep_len_mean          | 180          |
|    ep_rew_mean          | -6.02        |
| time/                   |              |
|    fps                  | 1941         |
|    iterations           | 50           |
|    time_elapsed         | 26           |
|    total_timesteps      | 51200        |
| train/                  |              |
|    approx_kl            | 0.0092046335 |
|    clip_fraction        | 0.0798       |
|    clip_range           | 0.2          |
|    entropy_loss         | -5.26        |
|    explained_variance   | 0.925        |
|    learning_rate        | 0.0003       |
|    loss                 | 0.0163       |
|    n_updates            | 490          |
|    policy_gradient_loss | -0.0106      |
|    std                  | 0.901        |
|    value_loss           | 0.0517       |
------------------------------------------
-----------------------------------------
| rollout/                |             |
|    ep_len_mean          | 180         |
|    ep_rew_mean          | -5.92       |
| time/                   |             |
|    fps                  | 1942        |
|    iterations           | 51          |
|    time_elapsed         | 26          |
|    total_timesteps      | 52224       |
| train/                  |             |
|    approx_kl            | 0.009060534 |
|    clip_fraction        | 0.117       |
|    clip_range           | 0.2         |
|    entropy_loss         | -5.25       |
|    explained_variance   | 0.912       |
|    learning_rate        | 0.0003      |
|    loss                 | 0.0184      |
|    n_updates            | 500         |
|    policy_gradient_loss | -0.0117     |
|    std                  | 0.901       |
|    value_loss           | 0.0705      |
-----------------------------------------
-----------------------------------------
| rollout/                |             |
|    ep_len_mean          | 180         |
|    ep_rew_mean          | -5.84       |
| time/                   |             |
|    fps                  | 1941        |
|    iterations           | 52          |
|    time_elapsed         | 27          |
|    total_timesteps      | 53248       |
| train/                  |             |
|    approx_kl            | 0.009508337 |
|    clip_fraction        | 0.0732      |
|    clip_range           | 0.2         |
|    entropy_loss         | -5.24       |
|    explained_variance   | 0.951       |
|    learning_rate        | 0.0003      |
|    loss                 | -0.00182    |
|    n_updates            | 510         |
|    policy_gradient_loss | -0.00976    |
|    std                  | 0.897       |
|    value_loss           | 0.0342      |
-----------------------------------------
-----------------------------------------
| rollout/                |             |
|    ep_len_mean          | 180         |
|    ep_rew_mean          | -5.82       |
| time/                   |             |
|    fps                  | 1940        |
|    iterations           | 53          |
|    time_elapsed         | 27          |
|    total_timesteps      | 54272       |
| train/                  |             |
|    approx_kl            | 0.010454991 |
|    clip_fraction        | 0.145       |
|    clip_range           | 0.2         |
|    entropy_loss         | -5.23       |
|    explained_variance   | 0.918       |
|    learning_rate        | 0.0003      |
|    loss                 | 0.0168      |
|    n_updates            | 520         |
|    policy_gradient_loss | -0.0132     |
|    std                  | 0.894       |
|    value_loss           | 0.0592      |
-----------------------------------------
-----------------------------------------
| rollout/                |             |
|    ep_len_mean          | 180         |
|    ep_rew_mean          | -5.79       |
| time/                   |             |
|    fps                  | 1941        |
|    iterations           | 54          |
|    time_elapsed         | 28          |
|    total_timesteps      | 55296       |
| train/                  |             |
|    approx_kl            | 0.009038545 |
|    clip_fraction        | 0.0958      |
|    clip_range           | 0.2         |
|    entropy_loss         | -5.22       |
|    explained_variance   | 0.921       |
|    learning_rate        | 0.0003      |
|    loss                 | 0.0143      |
|    n_updates            | 530         |
|    policy_gradient_loss | -0.0108     |
|    std                  | 0.894       |
|    value_loss           | 0.0543      |
-----------------------------------------
-----------------------------------------
| rollout/                |             |
|    ep_len_mean          | 180         |
|    ep_rew_mean          | -5.75       |
| time/                   |             |
|    fps                  | 1941        |
|    iterations           | 55          |
|    time_elapsed         | 29          |
|    total_timesteps      | 56320       |
| train/                  |             |
|    approx_kl            | 0.008747781 |
|    clip_fraction        | 0.0907      |
|    clip_range           | 0.2         |
|    entropy_loss         | -5.22       |
|    explained_variance   | 0.94        |
|    learning_rate        | 0.0003      |
|    loss                 | 0.00776     |
|    n_updates            | 540         |
|    policy_gradient_loss | -0.00952    |
|    std                  | 0.892       |
|    value_loss           | 0.0454      |
-----------------------------------------
-----------------------------------------
| rollout/                |             |
|    ep_len_mean          | 180         |
|    ep_rew_mean          | -5.68       |
| time/                   |             |
|    fps                  | 1939        |
|    iterations           | 56          |
|    time_elapsed         | 29          |
|    total_timesteps      | 57344       |
| train/                  |             |
|    approx_kl            | 0.011251967 |
|    clip_fraction        | 0.117       |
|    clip_range           | 0.2         |
|    entropy_loss         | -5.2        |
|    explained_variance   | 0.948       |
|    learning_rate        | 0.0003      |
|    loss                 | 0.00545     |
|    n_updates            | 550         |
|    policy_gradient_loss | -0.0108     |
|    std                  | 0.889       |
|    value_loss           | 0.0396      |
-----------------------------------------
-----------------------------------------
| rollout/                |             |
|    ep_len_mean          | 180         |
|    ep_rew_mean          | -5.6        |
| time/                   |             |
|    fps                  | 1937        |
|    iterations           | 57          |
|    time_elapsed         | 30          |
|    total_timesteps      | 58368       |
| train/                  |             |
|    approx_kl            | 0.009592536 |
|    clip_fraction        | 0.106       |
|    clip_range           | 0.2         |
|    entropy_loss         | -5.19       |
|    explained_variance   | 0.965       |
|    learning_rate        | 0.0003      |
|    loss                 | 0.00191     |
|    n_updates            | 560         |
|    policy_gradient_loss | -0.0133     |
|    std                  | 0.886       |
|    value_loss           | 0.0273      |
-----------------------------------------
-----------------------------------------
| rollout/                |             |
|    ep_len_mean          | 180         |
|    ep_rew_mean          | -5.56       |
| time/                   |             |
|    fps                  | 1937        |
|    iterations           | 58          |
|    time_elapsed         | 30          |
|    total_timesteps      | 59392       |
| train/                  |             |
|    approx_kl            | 0.009135189 |
|    clip_fraction        | 0.097       |
|    clip_range           | 0.2         |
|    entropy_loss         | -5.17       |
|    explained_variance   | 0.957       |
|    learning_rate        | 0.0003      |
|    loss                 | -0.00933    |
|    n_updates            | 570         |
|    policy_gradient_loss | -0.0119     |
|    std                  | 0.882       |
|    value_loss           | 0.0356      |
-----------------------------------------
------------------------------------------
| rollout/                |              |
|    ep_len_mean          | 180          |
|    ep_rew_mean          | -5.52        |
| time/                   |              |
|    fps                  | 1931         |
|    iterations           | 59           |
|    time_elapsed         | 31           |
|    total_timesteps      | 60416        |
| train/                  |              |
|    approx_kl            | 0.0115071125 |
|    clip_fraction        | 0.168        |
|    clip_range           | 0.2          |
|    entropy_loss         | -5.16        |
|    explained_variance   | 0.922        |
|    learning_rate        | 0.0003       |
|    loss                 | 0.00418      |
|    n_updates            | 580          |
|    policy_gradient_loss | -0.0147      |
|    std                  | 0.882        |
|    value_loss           | 0.0549       |
------------------------------------------
-----------------------------------------
| rollout/                |             |
|    ep_len_mean          | 180         |
|    ep_rew_mean          | -5.52       |
| time/                   |             |
|    fps                  | 1928        |
|    iterations           | 60          |
|    time_elapsed         | 31          |
|    total_timesteps      | 61440       |
| train/                  |             |
|    approx_kl            | 0.007837189 |
|    clip_fraction        | 0.0778      |
|    clip_range           | 0.2         |
|    entropy_loss         | -5.15       |
|    explained_variance   | 0.954       |
|    learning_rate        | 0.0003      |
|    loss                 | 0.01        |
|    n_updates            | 590         |
|    policy_gradient_loss | -0.0112     |
|    std                  | 0.878       |
|    value_loss           | 0.0336      |
-----------------------------------------
-----------------------------------------
| rollout/                |             |
|    ep_len_mean          | 180         |
|    ep_rew_mean          | -5.45       |
| time/                   |             |
|    fps                  | 1925        |
|    iterations           | 61          |
|    time_elapsed         | 32          |
|    total_timesteps      | 62464       |
| train/                  |             |
|    approx_kl            | 0.008727513 |
|    clip_fraction        | 0.0878      |
|    clip_range           | 0.2         |
|    entropy_loss         | -5.14       |
|    explained_variance   | 0.945       |
|    learning_rate        | 0.0003      |
|    loss                 | -0.0018     |
|    n_updates            | 600         |
|    policy_gradient_loss | -0.0121     |
|    std                  | 0.874       |
|    value_loss           | 0.0411      |
-----------------------------------------
-----------------------------------------
| rollout/                |             |
|    ep_len_mean          | 180         |
|    ep_rew_mean          | -5.41       |
| time/                   |             |
|    fps                  | 1925        |
|    iterations           | 62          |
|    time_elapsed         | 32          |
|    total_timesteps      | 63488       |
| train/                  |             |
|    approx_kl            | 0.008220114 |
|    clip_fraction        | 0.0801      |
|    clip_range           | 0.2         |
|    entropy_loss         | -5.12       |
|    explained_variance   | 0.953       |
|    learning_rate        | 0.0003      |
|    loss                 | 0.0021      |
|    n_updates            | 610         |
|    policy_gradient_loss | -0.00963    |
|    std                  | 0.872       |
|    value_loss           | 0.0339      |
-----------------------------------------
-----------------------------------------
| rollout/                |             |
|    ep_len_mean          | 180         |
|    ep_rew_mean          | -5.38       |
| time/                   |             |
|    fps                  | 1925        |
|    iterations           | 63          |
|    time_elapsed         | 33          |
|    total_timesteps      | 64512       |
| train/                  |             |
|    approx_kl            | 0.009079939 |
|    clip_fraction        | 0.109       |
|    clip_range           | 0.2         |
|    entropy_loss         | -5.11       |
|    explained_variance   | 0.927       |
|    learning_rate        | 0.0003      |
|    loss                 | 0.0148      |
|    n_updates            | 620         |
|    policy_gradient_loss | -0.0119     |
|    std                  | 0.87        |
|    value_loss           | 0.0547      |
-----------------------------------------
------------------------------------------
| rollout/                |              |
|    ep_len_mean          | 180          |
|    ep_rew_mean          | -5.31        |
| time/                   |              |
|    fps                  | 1926         |
|    iterations           | 64           |
|    time_elapsed         | 34           |
|    total_timesteps      | 65536        |
| train/                  |              |
|    approx_kl            | 0.0121067595 |
|    clip_fraction        | 0.0941       |
|    clip_range           | 0.2          |
|    entropy_loss         | -5.1         |
|    explained_variance   | 0.961        |
|    learning_rate        | 0.0003       |
|    loss                 | -0.0142      |
|    n_updates            | 630          |
|    policy_gradient_loss | -0.0115      |
|    std                  | 0.867        |
|    value_loss           | 0.0295       |
------------------------------------------
-----------------------------------------
| rollout/                |             |
|    ep_len_mean          | 180         |
|    ep_rew_mean          | -5.26       |
| time/                   |             |
|    fps                  | 1927        |
|    iterations           | 65          |
|    time_elapsed         | 34          |
|    total_timesteps      | 66560       |
| train/                  |             |
|    approx_kl            | 0.008494729 |
|    clip_fraction        | 0.0852      |
|    clip_range           | 0.2         |
|    entropy_loss         | -5.09       |
|    explained_variance   | 0.971       |
|    learning_rate        | 0.0003      |
|    loss                 | -0.00682    |
|    n_updates            | 640         |
|    policy_gradient_loss | -0.0109     |
|    std                  | 0.866       |
|    value_loss           | 0.0201      |
-----------------------------------------
-----------------------------------------
| rollout/                |             |
|    ep_len_mean          | 180         |
|    ep_rew_mean          | -5.2        |
| time/                   |             |
|    fps                  | 1927        |
|    iterations           | 66          |
|    time_elapsed         | 35          |
|    total_timesteps      | 67584       |
| train/                  |             |
|    approx_kl            | 0.008311305 |
|    clip_fraction        | 0.0691      |
|    clip_range           | 0.2         |
|    entropy_loss         | -5.08       |
|    explained_variance   | 0.952       |
|    learning_rate        | 0.0003      |
|    loss                 | 0.00132     |
|    n_updates            | 650         |
|    policy_gradient_loss | -0.00865    |
|    std                  | 0.861       |
|    value_loss           | 0.0279      |
-----------------------------------------
-----------------------------------------
| rollout/                |             |
|    ep_len_mean          | 180         |
|    ep_rew_mean          | -5.16       |
| time/                   |             |
|    fps                  | 1927        |
|    iterations           | 67          |
|    time_elapsed         | 35          |
|    total_timesteps      | 68608       |
| train/                  |             |
|    approx_kl            | 0.010924302 |
|    clip_fraction        | 0.0988      |
|    clip_range           | 0.2         |
|    entropy_loss         | -5.06       |
|    explained_variance   | 0.937       |
|    learning_rate        | 0.0003      |
|    loss                 | -0.0112     |
|    n_updates            | 660         |
|    policy_gradient_loss | -0.00987    |
|    std                  | 0.858       |
|    value_loss           | 0.0402      |
-----------------------------------------
----------------------------------------
| rollout/                |            |
|    ep_len_mean          | 180        |
|    ep_rew_mean          | -5.09      |
| time/                   |            |
|    fps                  | 1928       |
|    iterations           | 68         |
|    time_elapsed         | 36         |
|    total_timesteps      | 69632      |
| train/                  |            |
|    approx_kl            | 0.01324098 |
|    clip_fraction        | 0.136      |
|    clip_range           | 0.2        |
|    entropy_loss         | -5.05      |
|    explained_variance   | 0.956      |
|    learning_rate        | 0.0003     |
|    loss                 | -0.00482   |
|    n_updates            | 670        |
|    policy_gradient_loss | -0.0146    |
|    std                  | 0.859      |
|    value_loss           | 0.0254     |
----------------------------------------
------------------------------------------
| rollout/                |              |
|    ep_len_mean          | 180          |
|    ep_rew_mean          | -5.05        |
| time/                   |              |
|    fps                  | 1928         |
|    iterations           | 69           |
|    time_elapsed         | 36           |
|    total_timesteps      | 70656        |
| train/                  |              |
|    approx_kl            | 0.0076206243 |
|    clip_fraction        | 0.0635       |
|    clip_range           | 0.2          |
|    entropy_loss         | -5.05        |
|    explained_variance   | 0.942        |
|    learning_rate        | 0.0003       |
|    loss                 | -0.00375     |
|    n_updates            | 680          |
|    policy_gradient_loss | -0.00805     |
|    std                  | 0.858        |
|    value_loss           | 0.0326       |
------------------------------------------
-----------------------------------------
| rollout/                |             |
|    ep_len_mean          | 180         |
|    ep_rew_mean          | -4.98       |
| time/                   |             |
|    fps                  | 1925        |
|    iterations           | 70          |
|    time_elapsed         | 37          |
|    total_timesteps      | 71680       |
| train/                  |             |
|    approx_kl            | 0.008057472 |
|    clip_fraction        | 0.0711      |
|    clip_range           | 0.2         |
|    entropy_loss         | -5.04       |
|    explained_variance   | 0.953       |
|    learning_rate        | 0.0003      |
|    loss                 | -0.00817    |
|    n_updates            | 690         |
|    policy_gradient_loss | -0.00998    |
|    std                  | 0.854       |
|    value_loss           | 0.0283      |
-----------------------------------------
-----------------------------------------
| rollout/                |             |
|    ep_len_mean          | 180         |
|    ep_rew_mean          | -4.94       |
| time/                   |             |
|    fps                  | 1926        |
|    iterations           | 71          |
|    time_elapsed         | 37          |
|    total_timesteps      | 72704       |
| train/                  |             |
|    approx_kl            | 0.010201653 |
|    clip_fraction        | 0.11        |
|    clip_range           | 0.2         |
|    entropy_loss         | -5.03       |
|    explained_variance   | 0.943       |
|    learning_rate        | 0.0003      |
|    loss                 | 0.00188     |
|    n_updates            | 700         |
|    policy_gradient_loss | -0.0123     |
|    std                  | 0.854       |
|    value_loss           | 0.034       |
-----------------------------------------
-----------------------------------------
| rollout/                |             |
|    ep_len_mean          | 180         |
|    ep_rew_mean          | -4.87       |
| time/                   |             |
|    fps                  | 1927        |
|    iterations           | 72          |
|    time_elapsed         | 38          |
|    total_timesteps      | 73728       |
| train/                  |             |
|    approx_kl            | 0.010996095 |
|    clip_fraction        | 0.089       |
|    clip_range           | 0.2         |
|    entropy_loss         | -5.03       |
|    explained_variance   | 0.944       |
|    learning_rate        | 0.0003      |
|    loss                 | 0.00131     |
|    n_updates            | 710         |
|    policy_gradient_loss | -0.0113     |
|    std                  | 0.853       |
|    value_loss           | 0.0305      |
-----------------------------------------
-----------------------------------------
| rollout/                |             |
|    ep_len_mean          | 180         |
|    ep_rew_mean          | -4.84       |
| time/                   |             |
|    fps                  | 1928        |
|    iterations           | 73          |
|    time_elapsed         | 38          |
|    total_timesteps      | 74752       |
| train/                  |             |
|    approx_kl            | 0.009574351 |
|    clip_fraction        | 0.119       |
|    clip_range           | 0.2         |
|    entropy_loss         | -5.02       |
|    explained_variance   | 0.953       |
|    learning_rate        | 0.0003      |
|    loss                 | -0.0135     |
|    n_updates            | 720         |
|    policy_gradient_loss | -0.013      |
|    std                  | 0.851       |
|    value_loss           | 0.0262      |
-----------------------------------------
-----------------------------------------
| rollout/                |             |
|    ep_len_mean          | 180         |
|    ep_rew_mean          | -4.81       |
| time/                   |             |
|    fps                  | 1929        |
|    iterations           | 74          |
|    time_elapsed         | 39          |
|    total_timesteps      | 75776       |
| train/                  |             |
|    approx_kl            | 0.007310097 |
|    clip_fraction        | 0.0881      |
|    clip_range           | 0.2         |
|    entropy_loss         | -5.01       |
|    explained_variance   | 0.959       |
|    learning_rate        | 0.0003      |
|    loss                 | -0.00243    |
|    n_updates            | 730         |
|    policy_gradient_loss | -0.00947    |
|    std                  | 0.848       |
|    value_loss           | 0.023       |
-----------------------------------------
-----------------------------------------
| rollout/                |             |
|    ep_len_mean          | 180         |
|    ep_rew_mean          | -4.73       |
| time/                   |             |
|    fps                  | 1929        |
|    iterations           | 75          |
|    time_elapsed         | 39          |
|    total_timesteps      | 76800       |
| train/                  |             |
|    approx_kl            | 0.010372004 |
|    clip_fraction        | 0.12        |
|    clip_range           | 0.2         |
|    entropy_loss         | -4.99       |
|    explained_variance   | 0.951       |
|    learning_rate        | 0.0003      |
|    loss                 | -0.00832    |
|    n_updates            | 740         |
|    policy_gradient_loss | -0.013      |
|    std                  | 0.845       |
|    value_loss           | 0.0276      |
-----------------------------------------
----------------------------------------
| rollout/                |            |
|    ep_len_mean          | 180        |
|    ep_rew_mean          | -4.7       |
| time/                   |            |
|    fps                  | 1930       |
|    iterations           | 76         |
|    time_elapsed         | 40         |
|    total_timesteps      | 77824      |
| train/                  |            |
|    approx_kl            | 0.01003913 |
|    clip_fraction        | 0.118      |
|    clip_range           | 0.2        |
|    entropy_loss         | -4.97      |
|    explained_variance   | 0.948      |
|    learning_rate        | 0.0003     |
|    loss                 | 0.00614    |
|    n_updates            | 750        |
|    policy_gradient_loss | -0.0149    |
|    std                  | 0.839      |
|    value_loss           | 0.0318     |
----------------------------------------
------------------------------------------
| rollout/                |              |
|    ep_len_mean          | 180          |
|    ep_rew_mean          | -4.64        |
| time/                   |              |
|    fps                  | 1931         |
|    iterations           | 77           |
|    time_elapsed         | 40           |
|    total_timesteps      | 78848        |
| train/                  |              |
|    approx_kl            | 0.0085625965 |
|    clip_fraction        | 0.115        |
|    clip_range           | 0.2          |
|    entropy_loss         | -4.95        |
|    explained_variance   | 0.968        |
|    learning_rate        | 0.0003       |
|    loss                 | -0.00998     |
|    n_updates            | 760          |
|    policy_gradient_loss | -0.0122      |
|    std                  | 0.836        |
|    value_loss           | 0.0194       |
------------------------------------------
-----------------------------------------
| rollout/                |             |
|    ep_len_mean          | 180         |
|    ep_rew_mean          | -4.57       |
| time/                   |             |
|    fps                  | 1931        |
|    iterations           | 78          |
|    time_elapsed         | 41          |
|    total_timesteps      | 79872       |
| train/                  |             |
|    approx_kl            | 0.013873322 |
|    clip_fraction        | 0.174       |
|    clip_range           | 0.2         |
|    entropy_loss         | -4.94       |
|    explained_variance   | 0.962       |
|    learning_rate        | 0.0003      |
|    loss                 | -0.00758    |
|    n_updates            | 770         |
|    policy_gradient_loss | -0.0182     |
|    std                  | 0.833       |
|    value_loss           | 0.0221      |
-----------------------------------------
-----------------------------------------
| rollout/                |             |
|    ep_len_mean          | 180         |
|    ep_rew_mean          | -4.5        |
| time/                   |             |
|    fps                  | 1932        |
|    iterations           | 79          |
|    time_elapsed         | 41          |
|    total_timesteps      | 80896       |
| train/                  |             |
|    approx_kl            | 0.009122611 |
|    clip_fraction        | 0.118       |
|    clip_range           | 0.2         |
|    entropy_loss         | -4.93       |
|    explained_variance   | 0.961       |
|    learning_rate        | 0.0003      |
|    loss                 | -0.0107     |
|    n_updates            | 780         |
|    policy_gradient_loss | -0.0119     |
|    std                  | 0.832       |
|    value_loss           | 0.0209      |
-----------------------------------------
-----------------------------------------
| rollout/                |             |
|    ep_len_mean          | 180         |
|    ep_rew_mean          | -4.44       |
| time/                   |             |
|    fps                  | 1932        |
|    iterations           | 80          |
|    time_elapsed         | 42          |
|    total_timesteps      | 81920       |
| train/                  |             |
|    approx_kl            | 0.009307149 |
|    clip_fraction        | 0.0958      |
|    clip_range           | 0.2         |
|    entropy_loss         | -4.91       |
|    explained_variance   | 0.965       |
|    learning_rate        | 0.0003      |
|    loss                 | -0.0141     |
|    n_updates            | 790         |
|    policy_gradient_loss | -0.0103     |
|    std                  | 0.827       |
|    value_loss           | 0.0188      |
-----------------------------------------
-----------------------------------------
| rollout/                |             |
|    ep_len_mean          | 180         |
|    ep_rew_mean          | -4.42       |
| time/                   |             |
|    fps                  | 1933        |
|    iterations           | 81          |
|    time_elapsed         | 42          |
|    total_timesteps      | 82944       |
| train/                  |             |
|    approx_kl            | 0.006768064 |
|    clip_fraction        | 0.0633      |
|    clip_range           | 0.2         |
|    entropy_loss         | -4.89       |
|    explained_variance   | 0.969       |
|    learning_rate        | 0.0003      |
|    loss                 | -0.0104     |
|    n_updates            | 800         |
|    policy_gradient_loss | -0.0119     |
|    std                  | 0.821       |
|    value_loss           | 0.0163      |
-----------------------------------------
-----------------------------------------
| rollout/                |             |
|    ep_len_mean          | 180         |
|    ep_rew_mean          | -4.4        |
| time/                   |             |
|    fps                  | 1933        |
|    iterations           | 82          |
|    time_elapsed         | 43          |
|    total_timesteps      | 83968       |
| train/                  |             |
|    approx_kl            | 0.009218313 |
|    clip_fraction        | 0.104       |
|    clip_range           | 0.2         |
|    entropy_loss         | -4.86       |
|    explained_variance   | 0.962       |
|    learning_rate        | 0.0003      |
|    loss                 | -0.00191    |
|    n_updates            | 810         |
|    policy_gradient_loss | -0.0134     |
|    std                  | 0.817       |
|    value_loss           | 0.0181      |
-----------------------------------------
-----------------------------------------
| rollout/                |             |
|    ep_len_mean          | 180         |
|    ep_rew_mean          | -4.32       |
| time/                   |             |
|    fps                  | 1933        |
|    iterations           | 83          |
|    time_elapsed         | 43          |
|    total_timesteps      | 84992       |
| train/                  |             |
|    approx_kl            | 0.005322498 |
|    clip_fraction        | 0.0763      |
|    clip_range           | 0.2         |
|    entropy_loss         | -4.85       |
|    explained_variance   | 0.941       |
|    learning_rate        | 0.0003      |
|    loss                 | 0.00584     |
|    n_updates            | 820         |
|    policy_gradient_loss | -0.00602    |
|    std                  | 0.816       |
|    value_loss           | 0.0314      |
-----------------------------------------
-----------------------------------------
| rollout/                |             |
|    ep_len_mean          | 180         |
|    ep_rew_mean          | -4.28       |
| time/                   |             |
|    fps                  | 1932        |
|    iterations           | 84          |
|    time_elapsed         | 44          |
|    total_timesteps      | 86016       |
| train/                  |             |
|    approx_kl            | 0.008148444 |
|    clip_fraction        | 0.0833      |
|    clip_range           | 0.2         |
|    entropy_loss         | -4.85       |
|    explained_variance   | 0.961       |
|    learning_rate        | 0.0003      |
|    loss                 | -0.00199    |
|    n_updates            | 830         |
|    policy_gradient_loss | -0.00706    |
|    std                  | 0.817       |
|    value_loss           | 0.0179      |
-----------------------------------------
-----------------------------------------
| rollout/                |             |
|    ep_len_mean          | 180         |
|    ep_rew_mean          | -4.22       |
| time/                   |             |
|    fps                  | 1933        |
|    iterations           | 85          |
|    time_elapsed         | 45          |
|    total_timesteps      | 87040       |
| train/                  |             |
|    approx_kl            | 0.007533089 |
|    clip_fraction        | 0.0523      |
|    clip_range           | 0.2         |
|    entropy_loss         | -4.85       |
|    explained_variance   | 0.963       |
|    learning_rate        | 0.0003      |
|    loss                 | -0.00152    |
|    n_updates            | 840         |
|    policy_gradient_loss | -0.00665    |
|    std                  | 0.815       |
|    value_loss           | 0.0164      |
-----------------------------------------
-----------------------------------------
| rollout/                |             |
|    ep_len_mean          | 180         |
|    ep_rew_mean          | -4.18       |
| time/                   |             |
|    fps                  | 1932        |
|    iterations           | 86          |
|    time_elapsed         | 45          |
|    total_timesteps      | 88064       |
| train/                  |             |
|    approx_kl            | 0.007942472 |
|    clip_fraction        | 0.107       |
|    clip_range           | 0.2         |
|    entropy_loss         | -4.83       |
|    explained_variance   | 0.945       |
|    learning_rate        | 0.0003      |
|    loss                 | -0.00448    |
|    n_updates            | 850         |
|    policy_gradient_loss | -0.0121     |
|    std                  | 0.812       |
|    value_loss           | 0.0241      |
-----------------------------------------
------------------------------------------
| rollout/                |              |
|    ep_len_mean          | 180          |
|    ep_rew_mean          | -4.15        |
| time/                   |              |
|    fps                  | 1933         |
|    iterations           | 87           |
|    time_elapsed         | 46           |
|    total_timesteps      | 89088        |
| train/                  |              |
|    approx_kl            | 0.0075960923 |
|    clip_fraction        | 0.0773       |
|    clip_range           | 0.2          |
|    entropy_loss         | -4.82        |
|    explained_variance   | 0.952        |
|    learning_rate        | 0.0003       |
|    loss                 | 0.000759     |
|    n_updates            | 860          |
|    policy_gradient_loss | -0.00724     |
|    std                  | 0.81         |
|    value_loss           | 0.0219       |
------------------------------------------
-----------------------------------------
| rollout/                |             |
|    ep_len_mean          | 180         |
|    ep_rew_mean          | -4.11       |
| time/                   |             |
|    fps                  | 1933        |
|    iterations           | 88          |
|    time_elapsed         | 46          |
|    total_timesteps      | 90112       |
| train/                  |             |
|    approx_kl            | 0.010167225 |
|    clip_fraction        | 0.127       |
|    clip_range           | 0.2         |
|    entropy_loss         | -4.81       |
|    explained_variance   | 0.933       |
|    learning_rate        | 0.0003      |
|    loss                 | 0.00503     |
|    n_updates            | 870         |
|    policy_gradient_loss | -0.0118     |
|    std                  | 0.806       |
|    value_loss           | 0.0316      |
-----------------------------------------
-----------------------------------------
| rollout/                |             |
|    ep_len_mean          | 180         |
|    ep_rew_mean          | -4.08       |
| time/                   |             |
|    fps                  | 1933        |
|    iterations           | 89          |
|    time_elapsed         | 47          |
|    total_timesteps      | 91136       |
| train/                  |             |
|    approx_kl            | 0.006568388 |
|    clip_fraction        | 0.0904      |
|    clip_range           | 0.2         |
|    entropy_loss         | -4.79       |
|    explained_variance   | 0.954       |
|    learning_rate        | 0.0003      |
|    loss                 | -0.00253    |
|    n_updates            | 880         |
|    policy_gradient_loss | -0.00725    |
|    std                  | 0.802       |
|    value_loss           | 0.0186      |
-----------------------------------------
-----------------------------------------
| rollout/                |             |
|    ep_len_mean          | 180         |
|    ep_rew_mean          | -4.05       |
| time/                   |             |
|    fps                  | 1933        |
|    iterations           | 90          |
|    time_elapsed         | 47          |
|    total_timesteps      | 92160       |
| train/                  |             |
|    approx_kl            | 0.010019487 |
|    clip_fraction        | 0.112       |
|    clip_range           | 0.2         |
|    entropy_loss         | -4.77       |
|    explained_variance   | 0.936       |
|    learning_rate        | 0.0003      |
|    loss                 | 0.000301    |
|    n_updates            | 890         |
|    policy_gradient_loss | -0.00936    |
|    std                  | 0.797       |
|    value_loss           | 0.0288      |
-----------------------------------------
-----------------------------------------
| rollout/                |             |
|    ep_len_mean          | 180         |
|    ep_rew_mean          | -4.01       |
| time/                   |             |
|    fps                  | 1934        |
|    iterations           | 91          |
|    time_elapsed         | 48          |
|    total_timesteps      | 93184       |
| train/                  |             |
|    approx_kl            | 0.010829404 |
|    clip_fraction        | 0.108       |
|    clip_range           | 0.2         |
|    entropy_loss         | -4.75       |
|    explained_variance   | 0.944       |
|    learning_rate        | 0.0003      |
|    loss                 | 0.0087      |
|    n_updates            | 900         |
|    policy_gradient_loss | -0.0097     |
|    std                  | 0.794       |
|    value_loss           | 0.023       |
-----------------------------------------
------------------------------------------
| rollout/                |              |
|    ep_len_mean          | 180          |
|    ep_rew_mean          | -4           |
| time/                   |              |
|    fps                  | 1934         |
|    iterations           | 92           |
|    time_elapsed         | 48           |
|    total_timesteps      | 94208        |
| train/                  |              |
|    approx_kl            | 0.0055392496 |
|    clip_fraction        | 0.069        |
|    clip_range           | 0.2          |
|    entropy_loss         | -4.73        |
|    explained_variance   | 0.943        |
|    learning_rate        | 0.0003       |
|    loss                 | 0.00648      |
|    n_updates            | 910          |
|    policy_gradient_loss | -0.00939     |
|    std                  | 0.789        |
|    value_loss           | 0.0282       |
------------------------------------------
-----------------------------------------
| rollout/                |             |
|    ep_len_mean          | 180         |
|    ep_rew_mean          | -3.96       |
| time/                   |             |
|    fps                  | 1935        |
|    iterations           | 93          |
|    time_elapsed         | 49          |
|    total_timesteps      | 95232       |
| train/                  |             |
|    approx_kl            | 0.007031331 |
|    clip_fraction        | 0.0827      |
|    clip_range           | 0.2         |
|    entropy_loss         | -4.71       |
|    explained_variance   | 0.952       |
|    learning_rate        | 0.0003      |
|    loss                 | -0.0079     |
|    n_updates            | 920         |
|    policy_gradient_loss | -0.0114     |
|    std                  | 0.788       |
|    value_loss           | 0.024       |
-----------------------------------------
------------------------------------------
| rollout/                |              |
|    ep_len_mean          | 180          |
|    ep_rew_mean          | -3.92        |
| time/                   |              |
|    fps                  | 1935         |
|    iterations           | 94           |
|    time_elapsed         | 49           |
|    total_timesteps      | 96256        |
| train/                  |              |
|    approx_kl            | 0.0056372182 |
|    clip_fraction        | 0.052        |
|    clip_range           | 0.2          |
|    entropy_loss         | -4.7         |
|    explained_variance   | 0.946        |
|    learning_rate        | 0.0003       |
|    loss                 | 0.000586     |
|    n_updates            | 930          |
|    policy_gradient_loss | -0.01        |
|    std                  | 0.784        |
|    value_loss           | 0.0254       |
------------------------------------------
------------------------------------------
| rollout/                |              |
|    ep_len_mean          | 180          |
|    ep_rew_mean          | -3.88        |
| time/                   |              |
|    fps                  | 1935         |
|    iterations           | 95           |
|    time_elapsed         | 50           |
|    total_timesteps      | 97280        |
| train/                  |              |
|    approx_kl            | 0.0066302954 |
|    clip_fraction        | 0.114        |
|    clip_range           | 0.2          |
|    entropy_loss         | -4.68        |
|    explained_variance   | 0.953        |
|    learning_rate        | 0.0003       |
|    loss                 | 0.00179      |
|    n_updates            | 940          |
|    policy_gradient_loss | -0.00953     |
|    std                  | 0.782        |
|    value_loss           | 0.0148       |
------------------------------------------
-----------------------------------------
| rollout/                |             |
|    ep_len_mean          | 180         |
|    ep_rew_mean          | -3.86       |
| time/                   |             |
|    fps                  | 1935        |
|    iterations           | 96          |
|    time_elapsed         | 50          |
|    total_timesteps      | 98304       |
| train/                  |             |
|    approx_kl            | 0.009858452 |
|    clip_fraction        | 0.131       |
|    clip_range           | 0.2         |
|    entropy_loss         | -4.67       |
|    explained_variance   | 0.97        |
|    learning_rate        | 0.0003      |
|    loss                 | -0.00537    |
|    n_updates            | 950         |
|    policy_gradient_loss | -0.0113     |
|    std                  | 0.78        |
|    value_loss           | 0.0123      |
-----------------------------------------
-----------------------------------------
| rollout/                |             |
|    ep_len_mean          | 180         |
|    ep_rew_mean          | -3.84       |
| time/                   |             |
|    fps                  | 1935        |
|    iterations           | 97          |
|    time_elapsed         | 51          |
|    total_timesteps      | 99328       |
| train/                  |             |
|    approx_kl            | 0.009495341 |
|    clip_fraction        | 0.108       |
|    clip_range           | 0.2         |
|    entropy_loss         | -4.67       |
|    explained_variance   | 0.96        |
|    learning_rate        | 0.0003      |
|    loss                 | -0.00457    |
|    n_updates            | 960         |
|    policy_gradient_loss | -0.00731    |
|    std                  | 0.782       |
|    value_loss           | 0.0152      |
-----------------------------------------
-----------------------------------------
| rollout/                |             |
|    ep_len_mean          | 180         |
|    ep_rew_mean          | -3.78       |
| time/                   |             |
|    fps                  | 1935        |
|    iterations           | 98          |
|    time_elapsed         | 51          |
|    total_timesteps      | 100352      |
| train/                  |             |
|    approx_kl            | 0.009145449 |
|    clip_fraction        | 0.106       |
|    clip_range           | 0.2         |
|    entropy_loss         | -4.67       |
|    explained_variance   | 0.932       |
|    learning_rate        | 0.0003      |
|    loss                 | -0.00701    |
|    n_updates            | 970         |
|    policy_gradient_loss | -0.0123     |
|    std                  | 0.781       |
|    value_loss           | 0.0235      |
-----------------------------------------
-----------------------------------------
| rollout/                |             |
|    ep_len_mean          | 180         |
|    ep_rew_mean          | -3.73       |
| time/                   |             |
|    fps                  | 1936        |
|    iterations           | 99          |
|    time_elapsed         | 52          |
|    total_timesteps      | 101376      |
| train/                  |             |
|    approx_kl            | 0.005635414 |
|    clip_fraction        | 0.0954      |
|    clip_range           | 0.2         |
|    entropy_loss         | -4.66       |
|    explained_variance   | 0.95        |
|    learning_rate        | 0.0003      |
|    loss                 | -0.0162     |
|    n_updates            | 980         |
|    policy_gradient_loss | -0.0101     |
|    std                  | 0.778       |
|    value_loss           | 0.0183      |
-----------------------------------------
-----------------------------------------
| rollout/                |             |
|    ep_len_mean          | 180         |
|    ep_rew_mean          | -3.69       |
| time/                   |             |
|    fps                  | 1936        |
|    iterations           | 100         |
|    time_elapsed         | 52          |
|    total_timesteps      | 102400      |
| train/                  |             |
|    approx_kl            | 0.006548267 |
|    clip_fraction        | 0.0849      |
|    clip_range           | 0.2         |
|    entropy_loss         | -4.64       |
|    explained_variance   | 0.961       |
|    learning_rate        | 0.0003      |
|    loss                 | 0.00142     |
|    n_updates            | 990         |
|    policy_gradient_loss | -0.0112     |
|    std                  | 0.775       |
|    value_loss           | 0.0134      |
-----------------------------------------
------------------------------------------
| rollout/                |              |
|    ep_len_mean          | 180          |
|    ep_rew_mean          | -3.65        |
| time/                   |              |
|    fps                  | 1936         |
|    iterations           | 101          |
|    time_elapsed         | 53           |
|    total_timesteps      | 103424       |
| train/                  |              |
|    approx_kl            | 0.0073006046 |
|    clip_fraction        | 0.0821       |
|    clip_range           | 0.2          |
|    entropy_loss         | -4.63        |
|    explained_variance   | 0.97         |
|    learning_rate        | 0.0003       |
|    loss                 | -0.00798     |
|    n_updates            | 1000         |
|    policy_gradient_loss | -0.00829     |
|    std                  | 0.774        |
|    value_loss           | 0.0103       |
------------------------------------------
-----------------------------------------
| rollout/                |             |
|    ep_len_mean          | 180         |
|    ep_rew_mean          | -3.61       |
| time/                   |             |
|    fps                  | 1937        |
|    iterations           | 102         |
|    time_elapsed         | 53          |
|    total_timesteps      | 104448      |
| train/                  |             |
|    approx_kl            | 0.005231116 |
|    clip_fraction        | 0.0397      |
|    clip_range           | 0.2         |
|    entropy_loss         | -4.63       |
|    explained_variance   | 0.97        |
|    learning_rate        | 0.0003      |
|    loss                 | -0.00797    |
|    n_updates            | 1010        |
|    policy_gradient_loss | -0.00628    |
|    std                  | 0.774       |
|    value_loss           | 0.0104      |
-----------------------------------------
------------------------------------------
| rollout/                |              |
|    ep_len_mean          | 180          |
|    ep_rew_mean          | -3.58        |
| time/                   |              |
|    fps                  | 1937         |
|    iterations           | 103          |
|    time_elapsed         | 54           |
|    total_timesteps      | 105472       |
| train/                  |              |
|    approx_kl            | 0.0061083385 |
|    clip_fraction        | 0.0904       |
|    clip_range           | 0.2          |
|    entropy_loss         | -4.63        |
|    explained_variance   | 0.965        |
|    learning_rate        | 0.0003       |
|    loss                 | -0.0149      |
|    n_updates            | 1020         |
|    policy_gradient_loss | -0.0122      |
|    std                  | 0.774        |
|    value_loss           | 0.0119       |
------------------------------------------
------------------------------------------
| rollout/                |              |
|    ep_len_mean          | 180          |
|    ep_rew_mean          | -3.54        |
| time/                   |              |
|    fps                  | 1937         |
|    iterations           | 104          |
|    time_elapsed         | 54           |
|    total_timesteps      | 106496       |
| train/                  |              |
|    approx_kl            | 0.0068991473 |
|    clip_fraction        | 0.071        |
|    clip_range           | 0.2          |
|    entropy_loss         | -4.62        |
|    explained_variance   | 0.968        |
|    learning_rate        | 0.0003       |
|    loss                 | -0.00166     |
|    n_updates            | 1030         |
|    policy_gradient_loss | -0.00588     |
|    std                  | 0.773        |
|    value_loss           | 0.0104       |
------------------------------------------
-----------------------------------------
| rollout/                |             |
|    ep_len_mean          | 180         |
|    ep_rew_mean          | -3.49       |
| time/                   |             |
|    fps                  | 1937        |
|    iterations           | 105         |
|    time_elapsed         | 55          |
|    total_timesteps      | 107520      |
| train/                  |             |
|    approx_kl            | 0.011019778 |
|    clip_fraction        | 0.142       |
|    clip_range           | 0.2         |
|    entropy_loss         | -4.62       |
|    explained_variance   | 0.967       |
|    learning_rate        | 0.0003      |
|    loss                 | -0.0188     |
|    n_updates            | 1040        |
|    policy_gradient_loss | -0.0151     |
|    std                  | 0.772       |
|    value_loss           | 0.00851     |
-----------------------------------------
-----------------------------------------
| rollout/                |             |
|    ep_len_mean          | 180         |
|    ep_rew_mean          | -3.45       |
| time/                   |             |
|    fps                  | 1937        |
|    iterations           | 106         |
|    time_elapsed         | 56          |
|    total_timesteps      | 108544      |
| train/                  |             |
|    approx_kl            | 0.007218604 |
|    clip_fraction        | 0.0622      |
|    clip_range           | 0.2         |
|    entropy_loss         | -4.61       |
|    explained_variance   | 0.951       |
|    learning_rate        | 0.0003      |
|    loss                 | -0.00396    |
|    n_updates            | 1050        |
|    policy_gradient_loss | -0.00712    |
|    std                  | 0.77        |
|    value_loss           | 0.0127      |
-----------------------------------------
------------------------------------------
| rollout/                |              |
|    ep_len_mean          | 180          |
|    ep_rew_mean          | -3.4         |
| time/                   |              |
|    fps                  | 1937         |
|    iterations           | 107          |
|    time_elapsed         | 56           |
|    total_timesteps      | 109568       |
| train/                  |              |
|    approx_kl            | 0.0048591155 |
|    clip_fraction        | 0.0457       |
|    clip_range           | 0.2          |
|    entropy_loss         | -4.6         |
|    explained_variance   | 0.949        |
|    learning_rate        | 0.0003       |
|    loss                 | -0.0106      |
|    n_updates            | 1060         |
|    policy_gradient_loss | -0.00703     |
|    std                  | 0.767        |
|    value_loss           | 0.0143       |
------------------------------------------
-----------------------------------------
| rollout/                |             |
|    ep_len_mean          | 180         |
|    ep_rew_mean          | -3.36       |
| time/                   |             |
|    fps                  | 1938        |
|    iterations           | 108         |
|    time_elapsed         | 57          |
|    total_timesteps      | 110592      |
| train/                  |             |
|    approx_kl            | 0.007876491 |
|    clip_fraction        | 0.0739      |
|    clip_range           | 0.2         |
|    entropy_loss         | -4.58       |
|    explained_variance   | 0.961       |
|    learning_rate        | 0.0003      |
|    loss                 | -0.00684    |
|    n_updates            | 1070        |
|    policy_gradient_loss | -0.00913    |
|    std                  | 0.765       |
|    value_loss           | 0.0116      |
-----------------------------------------
------------------------------------------
| rollout/                |              |
|    ep_len_mean          | 180          |
|    ep_rew_mean          | -3.29        |
| time/                   |              |
|    fps                  | 1938         |
|    iterations           | 109          |
|    time_elapsed         | 57           |
|    total_timesteps      | 111616       |
| train/                  |              |
|    approx_kl            | 0.0061186347 |
|    clip_fraction        | 0.0604       |
|    clip_range           | 0.2          |
|    entropy_loss         | -4.58        |
|    explained_variance   | 0.96         |
|    learning_rate        | 0.0003       |
|    loss                 | -0.00654     |
|    n_updates            | 1080         |
|    policy_gradient_loss | -0.0084      |
|    std                  | 0.765        |
|    value_loss           | 0.013        |
------------------------------------------
-----------------------------------------
| rollout/                |             |
|    ep_len_mean          | 180         |
|    ep_rew_mean          | -3.27       |
| time/                   |             |
|    fps                  | 1938        |
|    iterations           | 110         |
|    time_elapsed         | 58          |
|    total_timesteps      | 112640      |
| train/                  |             |
|    approx_kl            | 0.010566529 |
|    clip_fraction        | 0.129       |
|    clip_range           | 0.2         |
|    entropy_loss         | -4.58       |
|    explained_variance   | 0.945       |
|    learning_rate        | 0.0003      |
|    loss                 | -0.0099     |
|    n_updates            | 1090        |
|    policy_gradient_loss | -0.0128     |
|    std                  | 0.763       |
|    value_loss           | 0.018       |
-----------------------------------------
-----------------------------------------
| rollout/                |             |
|    ep_len_mean          | 180         |
|    ep_rew_mean          | -3.25       |
| time/                   |             |
|    fps                  | 1938        |
|    iterations           | 111         |
|    time_elapsed         | 58          |
|    total_timesteps      | 113664      |
| train/                  |             |
|    approx_kl            | 0.010141999 |
|    clip_fraction        | 0.0928      |
|    clip_range           | 0.2         |
|    entropy_loss         | -4.57       |
|    explained_variance   | 0.966       |
|    learning_rate        | 0.0003      |
|    loss                 | -0.0155     |
|    n_updates            | 1100        |
|    policy_gradient_loss | -0.0102     |
|    std                  | 0.764       |
|    value_loss           | 0.0105      |
-----------------------------------------
-----------------------------------------
| rollout/                |             |
|    ep_len_mean          | 180         |
|    ep_rew_mean          | -3.23       |
| time/                   |             |
|    fps                  | 1939        |
|    iterations           | 112         |
|    time_elapsed         | 59          |
|    total_timesteps      | 114688      |
| train/                  |             |
|    approx_kl            | 0.012409074 |
|    clip_fraction        | 0.0982      |
|    clip_range           | 0.2         |
|    entropy_loss         | -4.57       |
|    explained_variance   | 0.967       |
|    learning_rate        | 0.0003      |
|    loss                 | -0.0147     |
|    n_updates            | 1110        |
|    policy_gradient_loss | -0.0126     |
|    std                  | 0.762       |
|    value_loss           | 0.0113      |
-----------------------------------------
----------------------------------------
| rollout/                |            |
|    ep_len_mean          | 180        |
|    ep_rew_mean          | -3.21      |
| time/                   |            |
|    fps                  | 1939       |
|    iterations           | 113        |
|    time_elapsed         | 59         |
|    total_timesteps      | 115712     |
| train/                  |            |
|    approx_kl            | 0.01395476 |
|    clip_fraction        | 0.139      |
|    clip_range           | 0.2        |
|    entropy_loss         | -4.56      |
|    explained_variance   | 0.976      |
|    learning_rate        | 0.0003     |
|    loss                 | -0.0012    |
|    n_updates            | 1120       |
|    policy_gradient_loss | -0.0131    |
|    std                  | 0.761      |
|    value_loss           | 0.00665    |
----------------------------------------
-----------------------------------------
| rollout/                |             |
|    ep_len_mean          | 180         |
|    ep_rew_mean          | -3.16       |
| time/                   |             |
|    fps                  | 1940        |
|    iterations           | 114         |
|    time_elapsed         | 60          |
|    total_timesteps      | 116736      |
| train/                  |             |
|    approx_kl            | 0.009427151 |
|    clip_fraction        | 0.0843      |
|    clip_range           | 0.2         |
|    entropy_loss         | -4.54       |
|    explained_variance   | 0.971       |
|    learning_rate        | 0.0003      |
|    loss                 | -0.0171     |
|    n_updates            | 1130        |
|    policy_gradient_loss | -0.00887    |
|    std                  | 0.757       |
|    value_loss           | 0.00918     |
-----------------------------------------
-----------------------------------------
| rollout/                |             |
|    ep_len_mean          | 180         |
|    ep_rew_mean          | -3.16       |
| time/                   |             |
|    fps                  | 1940        |
|    iterations           | 115         |
|    time_elapsed         | 60          |
|    total_timesteps      | 117760      |
| train/                  |             |
|    approx_kl            | 0.011391535 |
|    clip_fraction        | 0.0989      |
|    clip_range           | 0.2         |
|    entropy_loss         | -4.52       |
|    explained_variance   | 0.958       |
|    learning_rate        | 0.0003      |
|    loss                 | -0.00128    |
|    n_updates            | 1140        |
|    policy_gradient_loss | -0.00852    |
|    std                  | 0.754       |
|    value_loss           | 0.0121      |
-----------------------------------------
-----------------------------------------
| rollout/                |             |
|    ep_len_mean          | 180         |
|    ep_rew_mean          | -3.12       |
| time/                   |             |
|    fps                  | 1939        |
|    iterations           | 116         |
|    time_elapsed         | 61          |
|    total_timesteps      | 118784      |
| train/                  |             |
|    approx_kl            | 0.008805412 |
|    clip_fraction        | 0.0953      |
|    clip_range           | 0.2         |
|    entropy_loss         | -4.5        |
|    explained_variance   | 0.957       |
|    learning_rate        | 0.0003      |
|    loss                 | -0.0097     |
|    n_updates            | 1150        |
|    policy_gradient_loss | -0.0103     |
|    std                  | 0.749       |
|    value_loss           | 0.0114      |
-----------------------------------------
-----------------------------------------
| rollout/                |             |
|    ep_len_mean          | 180         |
|    ep_rew_mean          | -3.1        |
| time/                   |             |
|    fps                  | 1939        |
|    iterations           | 117         |
|    time_elapsed         | 61          |
|    total_timesteps      | 119808      |
| train/                  |             |
|    approx_kl            | 0.012813264 |
|    clip_fraction        | 0.139       |
|    clip_range           | 0.2         |
|    entropy_loss         | -4.48       |
|    explained_variance   | 0.97        |
|    learning_rate        | 0.0003      |
|    loss                 | -0.0182     |
|    n_updates            | 1160        |
|    policy_gradient_loss | -0.0155     |
|    std                  | 0.746       |
|    value_loss           | 0.00816     |
-----------------------------------------
-----------------------------------------
| rollout/                |             |
|    ep_len_mean          | 180         |
|    ep_rew_mean          | -3.09       |
| time/                   |             |
|    fps                  | 1938        |
|    iterations           | 118         |
|    time_elapsed         | 62          |
|    total_timesteps      | 120832      |
| train/                  |             |
|    approx_kl            | 0.011308132 |
|    clip_fraction        | 0.108       |
|    clip_range           | 0.2         |
|    entropy_loss         | -4.46       |
|    explained_variance   | 0.972       |
|    learning_rate        | 0.0003      |
|    loss                 | -0.0171     |
|    n_updates            | 1170        |
|    policy_gradient_loss | -0.00934    |
|    std                  | 0.744       |
|    value_loss           | 0.00773     |
-----------------------------------------
------------------------------------------
| rollout/                |              |
|    ep_len_mean          | 180          |
|    ep_rew_mean          | -3.08        |
| time/                   |              |
|    fps                  | 1938         |
|    iterations           | 119          |
|    time_elapsed         | 62           |
|    total_timesteps      | 121856       |
| train/                  |              |
|    approx_kl            | 0.0071045547 |
|    clip_fraction        | 0.0851       |
|    clip_range           | 0.2          |
|    entropy_loss         | -4.45        |
|    explained_variance   | 0.963        |
|    learning_rate        | 0.0003       |
|    loss                 | -0.0223      |
|    n_updates            | 1180         |
|    policy_gradient_loss | -0.00789     |
|    std                  | 0.742        |
|    value_loss           | 0.011        |
------------------------------------------
-----------------------------------------
| rollout/                |             |
|    ep_len_mean          | 180         |
|    ep_rew_mean          | -3.05       |
| time/                   |             |
|    fps                  | 1938        |
|    iterations           | 120         |
|    time_elapsed         | 63          |
|    total_timesteps      | 122880      |
| train/                  |             |
|    approx_kl            | 0.012587021 |
|    clip_fraction        | 0.143       |
|    clip_range           | 0.2         |
|    entropy_loss         | -4.44       |
|    explained_variance   | 0.945       |
|    learning_rate        | 0.0003      |
|    loss                 | -0.0117     |
|    n_updates            | 1190        |
|    policy_gradient_loss | -0.0121     |
|    std                  | 0.741       |
|    value_loss           | 0.0166      |
-----------------------------------------
-----------------------------------------
| rollout/                |             |
|    ep_len_mean          | 180         |
|    ep_rew_mean          | -3.03       |
| time/                   |             |
|    fps                  | 1937        |
|    iterations           | 121         |
|    time_elapsed         | 63          |
|    total_timesteps      | 123904      |
| train/                  |             |
|    approx_kl            | 0.009798927 |
|    clip_fraction        | 0.125       |
|    clip_range           | 0.2         |
|    entropy_loss         | -4.44       |
|    explained_variance   | 0.974       |
|    learning_rate        | 0.0003      |
|    loss                 | -0.0173     |
|    n_updates            | 1200        |
|    policy_gradient_loss | -0.0113     |
|    std                  | 0.741       |
|    value_loss           | 0.00709     |
-----------------------------------------
------------------------------------------
| rollout/                |              |
|    ep_len_mean          | 180          |
|    ep_rew_mean          | -3.01        |
| time/                   |              |
|    fps                  | 1937         |
|    iterations           | 122          |
|    time_elapsed         | 64           |
|    total_timesteps      | 124928       |
| train/                  |              |
|    approx_kl            | 0.0075144987 |
|    clip_fraction        | 0.0922       |
|    clip_range           | 0.2          |
|    entropy_loss         | -4.43        |
|    explained_variance   | 0.969        |
|    learning_rate        | 0.0003       |
|    loss                 | -0.0117      |
|    n_updates            | 1210         |
|    policy_gradient_loss | -0.00845     |
|    std                  | 0.737        |
|    value_loss           | 0.00959      |
------------------------------------------
----------------------------------------
| rollout/                |            |
|    ep_len_mean          | 180        |
|    ep_rew_mean          | -2.98      |
| time/                   |            |
|    fps                  | 1938       |
|    iterations           | 123        |
|    time_elapsed         | 64         |
|    total_timesteps      | 125952     |
| train/                  |            |
|    approx_kl            | 0.00693603 |
|    clip_fraction        | 0.0976     |
|    clip_range           | 0.2        |
|    entropy_loss         | -4.41      |
|    explained_variance   | 0.97       |
|    learning_rate        | 0.0003     |
|    loss                 | -0.0123    |
|    n_updates            | 1220       |
|    policy_gradient_loss | -0.00985   |
|    std                  | 0.735      |
|    value_loss           | 0.00597    |
----------------------------------------
------------------------------------------
| rollout/                |              |
|    ep_len_mean          | 180          |
|    ep_rew_mean          | -2.94        |
| time/                   |              |
|    fps                  | 1937         |
|    iterations           | 124          |
|    time_elapsed         | 65           |
|    total_timesteps      | 126976       |
| train/                  |              |
|    approx_kl            | 0.0074860267 |
|    clip_fraction        | 0.094        |
|    clip_range           | 0.2          |
|    entropy_loss         | -4.39        |
|    explained_variance   | 0.959        |
|    learning_rate        | 0.0003       |
|    loss                 | 0.00745      |
|    n_updates            | 1230         |
|    policy_gradient_loss | -0.00874     |
|    std                  | 0.731        |
|    value_loss           | 0.00822      |
------------------------------------------
------------------------------------------
| rollout/                |              |
|    ep_len_mean          | 180          |
|    ep_rew_mean          | -2.92        |
| time/                   |              |
|    fps                  | 1937         |
|    iterations           | 125          |
|    time_elapsed         | 66           |
|    total_timesteps      | 128000       |
| train/                  |              |
|    approx_kl            | 0.0076919915 |
|    clip_fraction        | 0.105        |
|    clip_range           | 0.2          |
|    entropy_loss         | -4.38        |
|    explained_variance   | 0.974        |
|    learning_rate        | 0.0003       |
|    loss                 | -0.00404     |
|    n_updates            | 1240         |
|    policy_gradient_loss | -0.00773     |
|    std                  | 0.728        |
|    value_loss           | 0.00493      |
------------------------------------------
-----------------------------------------
| rollout/                |             |
|    ep_len_mean          | 180         |
|    ep_rew_mean          | -2.9        |
| time/                   |             |
|    fps                  | 1937        |
|    iterations           | 126         |
|    time_elapsed         | 66          |
|    total_timesteps      | 129024      |
| train/                  |             |
|    approx_kl            | 0.010299331 |
|    clip_fraction        | 0.119       |
|    clip_range           | 0.2         |
|    entropy_loss         | -4.36       |
|    explained_variance   | 0.946       |
|    learning_rate        | 0.0003      |
|    loss                 | -0.0157     |
|    n_updates            | 1250        |
|    policy_gradient_loss | -0.0106     |
|    std                  | 0.726       |
|    value_loss           | 0.0109      |
-----------------------------------------
-----------------------------------------
| rollout/                |             |
|    ep_len_mean          | 180         |
|    ep_rew_mean          | -2.87       |
| time/                   |             |
|    fps                  | 1938        |
|    iterations           | 127         |
|    time_elapsed         | 67          |
|    total_timesteps      | 130048      |
| train/                  |             |
|    approx_kl            | 0.010201482 |
|    clip_fraction        | 0.121       |
|    clip_range           | 0.2         |
|    entropy_loss         | -4.35       |
|    explained_variance   | 0.972       |
|    learning_rate        | 0.0003      |
|    loss                 | -0.0163     |
|    n_updates            | 1260        |
|    policy_gradient_loss | -0.00864    |
|    std                  | 0.724       |
|    value_loss           | 0.00536     |
-----------------------------------------
-----------------------------------------
| rollout/                |             |
|    ep_len_mean          | 180         |
|    ep_rew_mean          | -2.84       |
| time/                   |             |
|    fps                  | 1937        |
|    iterations           | 128         |
|    time_elapsed         | 67          |
|    total_timesteps      | 131072      |
| train/                  |             |
|    approx_kl            | 0.015121853 |
|    clip_fraction        | 0.187       |
|    clip_range           | 0.2         |
|    entropy_loss         | -4.34       |
|    explained_variance   | 0.949       |
|    learning_rate        | 0.0003      |
|    loss                 | -0.0184     |
|    n_updates            | 1270        |
|    policy_gradient_loss | -0.0161     |
|    std                  | 0.724       |
|    value_loss           | 0.0101      |
-----------------------------------------
-----------------------------------------
| rollout/                |             |
|    ep_len_mean          | 180         |
|    ep_rew_mean          | -2.81       |
| time/                   |             |
|    fps                  | 1938        |
|    iterations           | 129         |
|    time_elapsed         | 68          |
|    total_timesteps      | 132096      |
| train/                  |             |
|    approx_kl            | 0.010404783 |
|    clip_fraction        | 0.0605      |
|    clip_range           | 0.2         |
|    entropy_loss         | -4.33       |
|    explained_variance   | 0.974       |
|    learning_rate        | 0.0003      |
|    loss                 | -0.0158     |
|    n_updates            | 1280        |
|    policy_gradient_loss | -0.00967    |
|    std                  | 0.721       |
|    value_loss           | 0.00474     |
-----------------------------------------
-----------------------------------------
| rollout/                |             |
|    ep_len_mean          | 180         |
|    ep_rew_mean          | -2.79       |
| time/                   |             |
|    fps                  | 1938        |
|    iterations           | 130         |
|    time_elapsed         | 68          |
|    total_timesteps      | 133120      |
| train/                  |             |
|    approx_kl            | 0.008716805 |
|    clip_fraction        | 0.106       |
|    clip_range           | 0.2         |
|    entropy_loss         | -4.32       |
|    explained_variance   | 0.947       |
|    learning_rate        | 0.0003      |
|    loss                 | -0.0146     |
|    n_updates            | 1290        |
|    policy_gradient_loss | -0.0106     |
|    std                  | 0.72        |
|    value_loss           | 0.00984     |
-----------------------------------------
-----------------------------------------
| rollout/                |             |
|    ep_len_mean          | 180         |
|    ep_rew_mean          | -2.77       |
| time/                   |             |
|    fps                  | 1938        |
|    iterations           | 131         |
|    time_elapsed         | 69          |
|    total_timesteps      | 134144      |
| train/                  |             |
|    approx_kl            | 0.009738272 |
|    clip_fraction        | 0.0898      |
|    clip_range           | 0.2         |
|    entropy_loss         | -4.32       |
|    explained_variance   | 0.975       |
|    learning_rate        | 0.0003      |
|    loss                 | -0.00633    |
|    n_updates            | 1300        |
|    policy_gradient_loss | -0.00921    |
|    std                  | 0.719       |
|    value_loss           | 0.00546     |
-----------------------------------------
----------------------------------------
| rollout/                |            |
|    ep_len_mean          | 180        |
|    ep_rew_mean          | -2.76      |
| time/                   |            |
|    fps                  | 1938       |
|    iterations           | 132        |
|    time_elapsed         | 69         |
|    total_timesteps      | 135168     |
| train/                  |            |
|    approx_kl            | 0.00840221 |
|    clip_fraction        | 0.0898     |
|    clip_range           | 0.2        |
|    entropy_loss         | -4.31      |
|    explained_variance   | 0.977      |
|    learning_rate        | 0.0003     |
|    loss                 | -0.0186    |
|    n_updates            | 1310       |
|    policy_gradient_loss | -0.0107    |
|    std                  | 0.719      |
|    value_loss           | 0.00555    |
----------------------------------------
-----------------------------------------
| rollout/                |             |
|    ep_len_mean          | 180         |
|    ep_rew_mean          | -2.72       |
| time/                   |             |
|    fps                  | 1938        |
|    iterations           | 133         |
|    time_elapsed         | 70          |
|    total_timesteps      | 136192      |
| train/                  |             |
|    approx_kl            | 0.008291986 |
|    clip_fraction        | 0.105       |
|    clip_range           | 0.2         |
|    entropy_loss         | -4.31       |
|    explained_variance   | 0.97        |
|    learning_rate        | 0.0003      |
|    loss                 | -0.0126     |
|    n_updates            | 1320        |
|    policy_gradient_loss | -0.0126     |
|    std                  | 0.716       |
|    value_loss           | 0.00702     |
-----------------------------------------
-----------------------------------------
| rollout/                |             |
|    ep_len_mean          | 180         |
|    ep_rew_mean          | -2.7        |
| time/                   |             |
|    fps                  | 1939        |
|    iterations           | 134         |
|    time_elapsed         | 70          |
|    total_timesteps      | 137216      |
| train/                  |             |
|    approx_kl            | 0.009471797 |
|    clip_fraction        | 0.104       |
|    clip_range           | 0.2         |
|    entropy_loss         | -4.29       |
|    explained_variance   | 0.968       |
|    learning_rate        | 0.0003      |
|    loss                 | 0.00671     |
|    n_updates            | 1330        |
|    policy_gradient_loss | -0.00762    |
|    std                  | 0.712       |
|    value_loss           | 0.00691     |
-----------------------------------------
-----------------------------------------
| rollout/                |             |
|    ep_len_mean          | 180         |
|    ep_rew_mean          | -2.69       |
| time/                   |             |
|    fps                  | 1939        |
|    iterations           | 135         |
|    time_elapsed         | 71          |
|    total_timesteps      | 138240      |
| train/                  |             |
|    approx_kl            | 0.009164376 |
|    clip_fraction        | 0.106       |
|    clip_range           | 0.2         |
|    entropy_loss         | -4.26       |
|    explained_variance   | 0.973       |
|    learning_rate        | 0.0003      |
|    loss                 | 0.00113     |
|    n_updates            | 1340        |
|    policy_gradient_loss | -0.00868    |
|    std                  | 0.708       |
|    value_loss           | 0.00582     |
-----------------------------------------
-----------------------------------------
| rollout/                |             |
|    ep_len_mean          | 180         |
|    ep_rew_mean          | -2.67       |
| time/                   |             |
|    fps                  | 1938        |
|    iterations           | 136         |
|    time_elapsed         | 71          |
|    total_timesteps      | 139264      |
| train/                  |             |
|    approx_kl            | 0.014201625 |
|    clip_fraction        | 0.138       |
|    clip_range           | 0.2         |
|    entropy_loss         | -4.24       |
|    explained_variance   | 0.965       |
|    learning_rate        | 0.0003      |
|    loss                 | -0.00781    |
|    n_updates            | 1350        |
|    policy_gradient_loss | -0.0134     |
|    std                  | 0.705       |
|    value_loss           | 0.00759     |
-----------------------------------------
----------------------------------------
| rollout/                |            |
|    ep_len_mean          | 180        |
|    ep_rew_mean          | -2.65      |
| time/                   |            |
|    fps                  | 1939       |
|    iterations           | 137        |
|    time_elapsed         | 72         |
|    total_timesteps      | 140288     |
| train/                  |            |
|    approx_kl            | 0.00805434 |
|    clip_fraction        | 0.124      |
|    clip_range           | 0.2        |
|    entropy_loss         | -4.23      |
|    explained_variance   | 0.966      |
|    learning_rate        | 0.0003     |
|    loss                 | -0.00998   |
|    n_updates            | 1360       |
|    policy_gradient_loss | -0.0112    |
|    std                  | 0.704      |
|    value_loss           | 0.00823    |
----------------------------------------
-----------------------------------------
| rollout/                |             |
|    ep_len_mean          | 180         |
|    ep_rew_mean          | -2.63       |
| time/                   |             |
|    fps                  | 1939        |
|    iterations           | 138         |
|    time_elapsed         | 72          |
|    total_timesteps      | 141312      |
| train/                  |             |
|    approx_kl            | 0.010498977 |
|    clip_fraction        | 0.125       |
|    clip_range           | 0.2         |
|    entropy_loss         | -4.22       |
|    explained_variance   | 0.973       |
|    learning_rate        | 0.0003      |
|    loss                 | -0.0175     |
|    n_updates            | 1370        |
|    policy_gradient_loss | -0.0127     |
|    std                  | 0.704       |
|    value_loss           | 0.00618     |
-----------------------------------------
------------------------------------------
| rollout/                |              |
|    ep_len_mean          | 180          |
|    ep_rew_mean          | -2.6         |
| time/                   |              |
|    fps                  | 1939         |
|    iterations           | 139          |
|    time_elapsed         | 73           |
|    total_timesteps      | 142336       |
| train/                  |              |
|    approx_kl            | 0.0044302093 |
|    clip_fraction        | 0.141        |
|    clip_range           | 0.2          |
|    entropy_loss         | -4.21        |
|    explained_variance   | 0.965        |
|    learning_rate        | 0.0003       |
|    loss                 | -0.00236     |
|    n_updates            | 1380         |
|    policy_gradient_loss | -0.0111      |
|    std                  | 0.701        |
|    value_loss           | 0.00778      |
------------------------------------------
-----------------------------------------
| rollout/                |             |
|    ep_len_mean          | 180         |
|    ep_rew_mean          | -2.59       |
| time/                   |             |
|    fps                  | 1939        |
|    iterations           | 140         |
|    time_elapsed         | 73          |
|    total_timesteps      | 143360      |
| train/                  |             |
|    approx_kl            | 0.007828885 |
|    clip_fraction        | 0.0771      |
|    clip_range           | 0.2         |
|    entropy_loss         | -4.2        |
|    explained_variance   | 0.976       |
|    learning_rate        | 0.0003      |
|    loss                 | -0.0118     |
|    n_updates            | 1390        |
|    policy_gradient_loss | -0.00674    |
|    std                  | 0.699       |
|    value_loss           | 0.00486     |
-----------------------------------------
-----------------------------------------
| rollout/                |             |
|    ep_len_mean          | 180         |
|    ep_rew_mean          | -2.58       |
| time/                   |             |
|    fps                  | 1940        |
|    iterations           | 141         |
|    time_elapsed         | 74          |
|    total_timesteps      | 144384      |
| train/                  |             |
|    approx_kl            | 0.011282572 |
|    clip_fraction        | 0.122       |
|    clip_range           | 0.2         |
|    entropy_loss         | -4.19       |
|    explained_variance   | 0.976       |
|    learning_rate        | 0.0003      |
|    loss                 | -0.0181     |
|    n_updates            | 1400        |
|    policy_gradient_loss | -0.00913    |
|    std                  | 0.697       |
|    value_loss           | 0.00543     |
-----------------------------------------
-----------------------------------------
| rollout/                |             |
|    ep_len_mean          | 180         |
|    ep_rew_mean          | -2.56       |
| time/                   |             |
|    fps                  | 1940        |
|    iterations           | 142         |
|    time_elapsed         | 74          |
|    total_timesteps      | 145408      |
| train/                  |             |
|    approx_kl            | 0.007234376 |
|    clip_fraction        | 0.057       |
|    clip_range           | 0.2         |
|    entropy_loss         | -4.18       |
|    explained_variance   | 0.981       |
|    learning_rate        | 0.0003      |
|    loss                 | -0.013      |
|    n_updates            | 1410        |
|    policy_gradient_loss | -0.00592    |
|    std                  | 0.697       |
|    value_loss           | 0.00361     |
-----------------------------------------
-----------------------------------------
| rollout/                |             |
|    ep_len_mean          | 180         |
|    ep_rew_mean          | -2.54       |
| time/                   |             |
|    fps                  | 1940        |
|    iterations           | 143         |
|    time_elapsed         | 75          |
|    total_timesteps      | 146432      |
| train/                  |             |
|    approx_kl            | 0.006784212 |
|    clip_fraction        | 0.0445      |
|    clip_range           | 0.2         |
|    entropy_loss         | -4.17       |
|    explained_variance   | 0.982       |
|    learning_rate        | 0.0003      |
|    loss                 | 0.00183     |
|    n_updates            | 1420        |
|    policy_gradient_loss | -0.00701    |
|    std                  | 0.693       |
|    value_loss           | 0.00335     |
-----------------------------------------
----------------------------------------
| rollout/                |            |
|    ep_len_mean          | 180        |
|    ep_rew_mean          | -2.52      |
| time/                   |            |
|    fps                  | 1939       |
|    iterations           | 144        |
|    time_elapsed         | 76         |
|    total_timesteps      | 147456     |
| train/                  |            |
|    approx_kl            | 0.00972236 |
|    clip_fraction        | 0.153      |
|    clip_range           | 0.2        |
|    entropy_loss         | -4.15      |
|    explained_variance   | 0.97       |
|    learning_rate        | 0.0003     |
|    loss                 | -0.0161    |
|    n_updates            | 1430       |
|    policy_gradient_loss | -0.0158    |
|    std                  | 0.693      |
|    value_loss           | 0.00612    |
----------------------------------------
-----------------------------------------
| rollout/                |             |
|    ep_len_mean          | 180         |
|    ep_rew_mean          | -2.49       |
| time/                   |             |
|    fps                  | 1940        |
|    iterations           | 145         |
|    time_elapsed         | 76          |
|    total_timesteps      | 148480      |
| train/                  |             |
|    approx_kl            | 0.008595106 |
|    clip_fraction        | 0.101       |
|    clip_range           | 0.2         |
|    entropy_loss         | -4.15       |
|    explained_variance   | 0.978       |
|    learning_rate        | 0.0003      |
|    loss                 | -0.0192     |
|    n_updates            | 1440        |
|    policy_gradient_loss | -0.0114     |
|    std                  | 0.692       |
|    value_loss           | 0.00421     |
-----------------------------------------
-----------------------------------------
| rollout/                |             |
|    ep_len_mean          | 180         |
|    ep_rew_mean          | -2.46       |
| time/                   |             |
|    fps                  | 1939        |
|    iterations           | 146         |
|    time_elapsed         | 77          |
|    total_timesteps      | 149504      |
| train/                  |             |
|    approx_kl            | 0.007461588 |
|    clip_fraction        | 0.0949      |
|    clip_range           | 0.2         |
|    entropy_loss         | -4.13       |
|    explained_variance   | 0.978       |
|    learning_rate        | 0.0003      |
|    loss                 | -0.012      |
|    n_updates            | 1450        |
|    policy_gradient_loss | -0.00874    |
|    std                  | 0.689       |
|    value_loss           | 0.00391     |
-----------------------------------------
-----------------------------------------
| rollout/                |             |
|    ep_len_mean          | 180         |
|    ep_rew_mean          | -2.43       |
| time/                   |             |
|    fps                  | 1939        |
|    iterations           | 147         |
|    time_elapsed         | 77          |
|    total_timesteps      | 150528      |
| train/                  |             |
|    approx_kl            | 0.008356709 |
|    clip_fraction        | 0.0991      |
|    clip_range           | 0.2         |
|    entropy_loss         | -4.12       |
|    explained_variance   | 0.984       |
|    learning_rate        | 0.0003      |
|    loss                 | -0.00653    |
|    n_updates            | 1460        |
|    policy_gradient_loss | -0.0102     |
|    std                  | 0.688       |
|    value_loss           | 0.00293     |
-----------------------------------------
{
  "algorithm": "PPO",
  "timesteps": 150000,
  "eval_episodes": 30,
  "target_schedule": [
    [
      96.0,
      94.5
    ],
    [
      94.0,
      92.0
    ],
    [
      95.0,
      93.0
    ]
  ],
  "c2_start_offset_s": 10,
  "recycle_start_offset_s": 20,
  "horizon_s": 180,
  "initial_concentration_noise": 0.8,
  "initial_temperature_noise": 1.5,
  "mean_return": -1.5175123686145424,
  "std_return": 0.06625798299726077,
  "success_rate_final_tolerance_2": 1.0,
  "mean_final_C1": 94.9635525221728,
  "mean_final_C2": 93.23784901494513,
  "max_handoff_error": 0.0
}
